task_name,s_time,e_time,diff_time,seconds
LOAD,2014-12-02 04:32:42.04241,2014-12-02 05:06:29.858275,00:33:47.815865,2027.815865
PERF.POWER.RF1,2014-12-02 05:06:33.383573,2014-12-02 05:06:55.497406,00:00:22.113833,22.113833
PERF.POWER.Q14,2014-12-02 05:06:55.512654,2014-12-02 05:08:54.829294,00:01:59.31664,119.31664
PERF.POWER.Q2,2014-12-02 05:08:54.849128,2014-12-02 05:09:22.739939,00:00:27.890811,27.890811
PERF.POWER.Q9,2014-12-02 05:09:22.760606,2014-12-02 05:17:13.459129,00:07:50.698523,470.698523
PERF.POWER.Q20,2014-12-02 05:17:13.479803,2014-12-02 05:17:48.66243,00:00:35.182627,35.182627
PERF.POWER.Q6,2014-12-02 05:17:48.681533,2014-12-02 05:19:35.242521,00:01:46.560988,106.560988
PERF.POWER.Q17,2014-12-02 05:19:35.259336,2014-12-02 05:19:35.999494,00:00:00.740158,0.740158
PERF.POWER.Q18,2014-12-02 05:19:36.017367,2014-12-02 05:23:50.692343,00:04:14.674976,254.674976
PERF.POWER.Q8,2014-12-02 05:23:50.708077,2014-12-02 05:24:45.573094,00:00:54.865017,54.865017
PERF.POWER.Q21,2014-12-02 05:24:45.590146,2014-12-02 05:27:01.469267,00:02:15.879121,135.879121
PERF.POWER.Q13,2014-12-02 05:27:01.485794,2014-12-02 05:28:22.745688,00:01:21.259894,81.259894
PERF.POWER.Q3,2014-12-02 05:28:22.763172,2014-12-02 05:30:18.662801,00:01:55.899629,115.899629
PERF.POWER.Q22,2014-12-02 05:30:18.682148,2014-12-02 05:30:51.7305,00:00:33.048352,33.048352
PERF.POWER.Q16,2014-12-02 05:30:51.748839,2014-12-02 05:31:23.283502,00:00:31.534663,31.534663
PERF.POWER.Q4,2014-12-02 05:31:23.299268,2014-12-02 05:32:18.087149,00:00:54.787881,54.787881
PERF.POWER.Q11,2014-12-02 05:32:18.106183,2014-12-02 05:32:39.224658,00:00:21.118475,21.118475
PERF.POWER.Q15,2014-12-02 05:32:39.24418,2014-12-02 05:35:11.486787,00:02:32.242607,152.242607
PERF.POWER.Q1,2014-12-02 05:35:11.505713,2014-12-02 05:39:44.515053,00:04:33.00934,273.00934
PERF.POWER.Q10,2014-12-02 05:39:44.532875,2014-12-02 05:41:28.147983,00:01:43.615108,103.615108
PERF.POWER.Q19,2014-12-02 05:41:28.167396,2014-12-02 05:41:36.836611,00:00:08.669215,8.669215
PERF.POWER.Q5,2014-12-02 05:41:36.857578,2014-12-02 05:42:30.420536,00:00:53.562958,53.562958
PERF.POWER.Q7,2014-12-02 05:42:30.441967,2014-12-02 05:44:23.180192,00:01:52.738225,112.738225
PERF.POWER.Q12,2014-12-02 05:44:23.19664,2014-12-02 05:45:58.716116,00:01:35.519476,95.519476
PERF.POWER.RF2,2014-12-02 05:45:58.726502,2014-12-02 05:47:37.20099,00:01:38.474488,98.474488
PERF.POWER,2014-12-02 05:06:33.374758,2014-12-02 05:47:37.209306,00:41:03.834548,2463.834548
PERF.THRUPUT.QS8.Q19,2014-12-02 05:50:00.563837,2014-12-02 05:50:10.704906,00:00:10.141069,10.141069
PERF.THRUPUT.RFST1.RF1,2014-12-02 05:50:00.102518,2014-12-02 05:50:23.244354,00:00:23.141836,23.141836
PERF.THRUPUT.QS3.Q8,2014-12-02 05:50:00.564716,2014-12-02 05:50:53.641922,00:00:53.077206,53.077206
PERF.THRUPUT.QS4.Q5,2014-12-02 05:50:00.561484,2014-12-02 05:50:54.538019,00:00:53.976535,53.976535
PERF.THRUPUT.QS9.Q8,2014-12-02 05:50:00.564641,2014-12-02 05:50:56.167107,00:00:55.602466,55.602466
PERF.THRUPUT.QS2.Q6,2014-12-02 05:50:00.562563,2014-12-02 05:51:21.153227,00:01:20.590664,80.590664
PERF.THRUPUT.QS10.Q6,2014-12-02 05:50:00.564569,2014-12-02 05:51:21.153227,00:01:20.588658,80.588658
PERF.THRUPUT.QS2.Q17,2014-12-02 05:51:21.168217,2014-12-02 05:51:21.926738,00:00:00.758521,0.758521
PERF.THRUPUT.QS6.Q10,2014-12-02 05:50:00.567829,2014-12-02 05:51:42.532422,00:01:41.964593,101.964593
PERF.THRUPUT.QS3.Q5,2014-12-02 05:50:53.656788,2014-12-02 05:51:49.795875,00:00:56.139087,56.139087
PERF.THRUPUT.RFST1.RF2,2014-12-02 05:50:23.256692,2014-12-02 05:51:59.003151,00:01:35.746459,95.746459
PERF.THRUPUT.RFST1,2014-12-02 05:50:00.096896,2014-12-02 05:51:59.01127,00:01:58.914374,118.914374
PERF.THRUPUT.QS1.Q21,2014-12-02 05:50:00.559818,2014-12-02 05:52:12.410988,00:02:11.85117,131.85117
PERF.THRUPUT.QS5.Q21,2014-12-02 05:50:00.564366,2014-12-02 05:52:12.41301,00:02:11.848644,131.848644
PERF.THRUPUT.RFST2.RF1,2014-12-02 05:51:59.027446,2014-12-02 05:52:19.749307,00:00:20.721861,20.721861
PERF.THRUPUT.QS3.Q4,2014-12-02 05:51:49.810182,2014-12-02 05:52:34.368509,00:00:44.558327,44.558327
PERF.THRUPUT.QS2.Q14,2014-12-02 05:51:21.940002,2014-12-02 05:52:38.708778,00:01:16.768776,76.768776
PERF.THRUPUT.QS9.Q13,2014-12-02 05:50:56.180375,2014-12-02 05:52:39.106476,00:01:42.926101,102.926101
PERF.THRUPUT.QS4.Q21,2014-12-02 05:50:54.551592,2014-12-02 05:53:08.712953,00:02:14.161361,134.161361
PERF.THRUPUT.QS9.Q2,2014-12-02 05:52:39.120243,2014-12-02 05:53:09.068876,00:00:29.948633,29.948633
PERF.THRUPUT.QS2.Q16,2014-12-02 05:52:38.722946,2014-12-02 05:53:12.290621,00:00:33.567675,33.567675
PERF.THRUPUT.QS2.Q19,2014-12-02 05:53:12.306139,2014-12-02 05:53:19.427331,00:00:07.121192,7.121192
PERF.THRUPUT.QS6.Q3,2014-12-02 05:51:42.5484,2014-12-02 05:53:37.646758,00:01:55.098358,115.098358
PERF.THRUPUT.QS9.Q20,2014-12-02 05:53:09.081952,2014-12-02 05:53:43.481615,00:00:34.399663,34.399663
PERF.THRUPUT.QS9.Q17,2014-12-02 05:53:43.495637,2014-12-02 05:53:44.258386,00:00:00.762749,0.762749
PERF.THRUPUT.QS3.Q6,2014-12-02 05:52:34.396367,2014-12-02 05:53:51.757837,00:01:17.36147,77.36147
PERF.THRUPUT.QS10.Q15,2014-12-02 05:51:21.168619,2014-12-02 05:53:51.879603,00:02:30.710984,150.710984
PERF.THRUPUT.QS3.Q17,2014-12-02 05:53:51.772757,2014-12-02 05:53:52.508855,00:00:00.736098,0.736098
PERF.THRUPUT.QS7.Q18,2014-12-02 05:50:00.56212,2014-12-02 05:54:02.55031,00:04:01.98819,241.98819
PERF.THRUPUT.RFST2.RF2,2014-12-02 05:52:19.759745,2014-12-02 05:54:02.799762,00:01:43.040017,103.040017
PERF.THRUPUT.RFST2,2014-12-02 05:51:59.021048,2014-12-02 05:54:02.806848,00:02:03.7858,123.7858
PERF.THRUPUT.QS1.Q3,2014-12-02 05:52:12.44454,2014-12-02 05:54:11.408519,00:01:58.963979,118.963979
PERF.THRUPUT.QS5.Q15,2014-12-02 05:52:12.453268,2014-12-02 05:54:16.361069,00:02:03.907801,123.907801
PERF.THRUPUT.RFST3.RF1,2014-12-02 05:54:02.821096,2014-12-02 05:54:21.462461,00:00:18.641365,18.641365
PERF.THRUPUT.QS4.Q14,2014-12-02 05:53:08.727298,2014-12-02 05:54:29.876598,00:01:21.1493,81.1493
PERF.THRUPUT.QS4.Q19,2014-12-02 05:54:29.902694,2014-12-02 05:54:37.964728,00:00:08.062034,8.062034
PERF.THRUPUT.QS8.Q1,2014-12-02 05:50:10.736581,2014-12-02 05:54:39.530998,00:04:28.794417,268.794417
PERF.THRUPUT.QS2.Q10,2014-12-02 05:53:19.441014,2014-12-02 05:55:02.470884,00:01:43.02987,103.02987
PERF.THRUPUT.QS5.Q4,2014-12-02 05:54:16.382538,2014-12-02 05:55:04.097207,00:00:47.714669,47.714669
PERF.THRUPUT.QS7.Q8,2014-12-02 05:54:02.563984,2014-12-02 05:55:04.894894,00:01:02.33091,62.33091
PERF.THRUPUT.QS7.Q20,2014-12-02 05:55:04.908706,2014-12-02 05:55:38.579029,00:00:33.670323,33.670323
PERF.THRUPUT.QS9.Q3,2014-12-02 05:53:44.276519,2014-12-02 05:55:39.391318,00:01:55.114799,115.114799
PERF.THRUPUT.QS3.Q7,2014-12-02 05:53:52.522196,2014-12-02 05:55:56.363284,00:02:03.841088,123.841088
PERF.THRUPUT.QS6.Q15,2014-12-02 05:53:37.66141,2014-12-02 05:56:12.783129,00:02:35.121719,155.121719
PERF.THRUPUT.QS9.Q6,2014-12-02 05:55:39.404486,2014-12-02 05:56:57.489441,00:01:18.084955,78.084955
PERF.THRUPUT.QS4.Q15,2014-12-02 05:54:37.985174,2014-12-02 05:57:20.026977,00:02:42.041803,162.041803
PERF.THRUPUT.QS8.Q15,2014-12-02 05:54:39.545867,2014-12-02 05:57:20.1006,00:02:40.554733,160.554733
PERF.THRUPUT.QS7.Q21,2014-12-02 05:55:38.593928,2014-12-02 05:57:54.618243,00:02:16.024315,136.024315
PERF.THRUPUT.QS10.Q18,2014-12-02 05:53:51.892575,2014-12-02 05:58:05.29495,00:04:13.402375,253.402375
PERF.THRUPUT.QS1.Q18,2014-12-02 05:54:11.538377,2014-12-02 05:58:25.09112,00:04:13.552743,253.552743
PERF.THRUPUT.QS3.Q1,2014-12-02 05:55:56.377972,2014-12-02 06:00:26.529682,00:04:30.15171,270.15171
PERF.THRUPUT.QS2.Q9,2014-12-02 05:55:02.485143,2014-12-02 06:03:59.132213,00:08:56.64707,536.64707
PERF.THRUPUT.QS8.Q20,2014-12-02 06:14:48.827484,2014-12-02 06:15:23.243919,00:00:34.416435,34.416435
PERF.THRUPUT.QS5.Q8,2014-12-02 06:14:56.566398,2014-12-02 06:15:47.650624,00:00:51.084226,51.084226
PERF.THRUPUT.QS8.Q16,2014-12-02 06:15:23.259355,2014-12-02 06:15:56.236561,00:00:32.977206,32.977206
PERF.THRUPUT.QS5.Q20,2014-12-02 06:15:47.665861,2014-12-02 06:16:22.287955,00:00:34.622094,34.622094
PERF.THRUPUT.QS3.Q10,2014-12-02 06:15:18.350139,2014-12-02 06:16:58.999309,00:01:40.64917,100.64917
PERF.THRUPUT.QS8.Q6,2014-12-02 06:15:56.251705,2014-12-02 06:17:11.83344,00:01:15.581735,75.581735
PERF.THRUPUT.QS8.Q22,2014-12-02 06:17:11.848554,2014-12-02 06:17:46.084729,00:00:34.236175,34.236175
PERF.THRUPUT.QS7.Q5,2014-12-02 06:16:58.732379,2014-12-02 06:17:47.374136,00:00:48.641757,48.641757
PERF.THRUPUT.QS6.Q12,2014-12-02 06:16:17.294509,2014-12-02 06:17:53.534577,00:01:36.240068,96.240068
PERF.THRUPUT.QS5.Q12,2014-12-02 06:16:22.302053,2014-12-02 06:17:55.311711,00:01:33.009658,93.009658
PERF.THRUPUT.QS2.Q18,2014-12-02 06:14:37.932977,2014-12-02 06:18:50.405288,00:04:12.472311,252.472311
PERF.THRUPUT.QS8.Q10,2014-12-02 06:17:46.09965,2014-12-02 06:19:23.83913,00:01:37.73948,97.73948
PERF.THRUPUT.QS3.Q11,2014-12-02 06:19:04.183216,2014-12-02 06:19:25.007033,00:00:20.823817,20.823817
PERF.THRUPUT.QS6.Q1,2014-12-02 06:17:53.549617,2014-12-02 06:22:24.286346,00:04:30.736729,270.736729
PERF.THRUPUT.QS2.Q1,2014-12-02 06:18:50.42035,2014-12-02 06:23:22.44673,00:04:32.02638,272.02638
PERF.THRUPUT.QS9.Q9,2014-12-02 06:16:54.298726,2014-12-02 06:25:14.314918,00:08:20.016192,500.016192
PERF.THRUPUT.QS1.ALL,2014-12-02 05:50:00.548627,2014-12-02 06:27:47.832454,00:37:47.283827,2267.283827
PERF.THRUPUT.QS9.ALL,2014-12-02 05:50:00.553202,2014-12-02 06:27:52.086623,00:37:51.533421,2271.533421
PERF.THRUPUT.QS7.ALL,2014-12-02 05:50:00.549918,2014-12-02 06:27:53.645772,00:37:53.095854,2273.095854
PERF.THRUPUT.QS8.ALL,2014-12-02 05:50:00.551822,2014-12-02 06:28:00.525019,00:37:59.973197,2279.973197
PERF.THRUPUT.QS10.ALL,2014-12-02 05:50:00.553736,2014-12-02 06:28:03.475199,00:38:02.921463,2282.921463
PERF.THRUPUT.QS3.ALL,2014-12-02 05:50:00.553669,2014-12-02 06:28:11.930862,00:38:11.377193,2291.377193
PERF.THRUPUT.QS4.ALL,2014-12-02 05:50:00.548742,2014-12-02 06:28:17.360122,00:38:16.81138,2296.81138
PERF.THRUPUT.QS5.Q9,2014-12-02 06:19:33.215583,2014-12-02 06:28:24.470175,00:08:51.254592,531.254592
PERF.THRUPUT.QS5.ALL,2014-12-02 05:50:00.551757,2014-12-02 06:28:24.476793,00:38:23.925036,2303.925036
PERF.THRUPUT.QS6.ALL,2014-12-02 05:50:00.556837,2014-12-02 06:28:32.69408,00:38:32.137243,2312.137243
PERF.THRUPUT.QS2.ALL,2014-12-02 05:50:00.550198,2014-12-02 06:29:05.92205,00:39:05.371852,2345.371852
PERF.THRUPUT,2014-12-02 05:50:00.038821,2014-12-02 06:29:09.618675,00:39:09.579854,2349.579854
PERF.THRUPUT.RFST3.RF2,2014-12-02 05:54:21.472873,2014-12-02 05:56:06.752945,00:01:45.280072,105.280072
PERF.THRUPUT.RFST3,2014-12-02 05:54:02.815054,2014-12-02 05:56:06.761401,00:02:03.946347,123.946347
PERF.THRUPUT.QS5.Q6,2014-12-02 05:55:04.110791,2014-12-02 05:56:12.529004,00:01:08.418213,68.418213
PERF.THRUPUT.RFST4.RF1,2014-12-02 05:56:06.776527,2014-12-02 05:56:23.503123,00:00:16.726596,16.726596
PERF.THRUPUT.QS4.Q17,2014-12-02 05:57:20.041908,2014-12-02 05:57:20.809629,00:00:00.767721,0.767721
PERF.THRUPUT.QS8.Q17,2014-12-02 05:57:20.115229,2014-12-02 05:57:20.854193,00:00:00.738964,0.738964
PERF.THRUPUT.QS6.Q13,2014-12-02 05:56:12.796617,2014-12-02 05:57:56.472765,00:01:43.676148,103.676148
PERF.THRUPUT.RFST4.RF2,2014-12-02 05:56:23.513056,2014-12-02 05:58:03.026549,00:01:39.513493,99.513493
PERF.THRUPUT.RFST4,2014-12-02 05:56:06.770063,2014-12-02 05:58:03.033445,00:01:56.263382,116.263382
PERF.THRUPUT.QS10.Q17,2014-12-02 05:58:05.30851,2014-12-02 05:58:06.055147,00:00:00.746637,0.746637
PERF.THRUPUT.QS5.Q7,2014-12-02 05:56:12.543053,2014-12-02 05:58:09.569555,00:01:57.026502,117.026502
PERF.THRUPUT.QS8.Q5,2014-12-02 05:57:20.870013,2014-12-02 05:58:10.729089,00:00:49.859076,49.859076
PERF.THRUPUT.RFST5.RF1,2014-12-02 05:58:03.048078,2014-12-02 05:58:19.022858,00:00:15.97478,15.97478
PERF.THRUPUT.QS7.Q2,2014-12-02 05:57:54.632876,2014-12-02 05:58:25.305292,00:00:30.672416,30.672416
PERF.THRUPUT.QS5.Q16,2014-12-02 05:58:09.582489,2014-12-02 05:58:42.248685,00:00:32.666196,32.666196
PERF.THRUPUT.QS5.Q19,2014-12-02 05:58:42.263918,2014-12-02 05:58:50.761775,00:00:08.497857,8.497857
PERF.THRUPUT.QS4.Q12,2014-12-02 05:57:20.823073,2014-12-02 05:58:54.876465,00:01:34.053392,94.053392
PERF.THRUPUT.QS8.Q8,2014-12-02 05:58:10.743861,2014-12-02 05:59:06.258417,00:00:55.514556,55.514556
PERF.THRUPUT.QS7.Q16,2014-12-02 06:21:14.172407,2014-12-02 06:21:46.085049,00:00:31.912642,31.912642
PERF.THRUPUT.QS6.Q6,2014-12-02 05:57:56.486143,2014-12-02 05:59:08.148576,00:01:11.662433,71.662433
PERF.THRUPUT.QS7.Q4,2014-12-02 05:58:25.320226,2014-12-02 05:59:09.367236,00:00:44.04701,44.04701
PERF.THRUPUT.QS9.Q21,2014-12-02 05:56:57.504443,2014-12-02 05:59:13.28736,00:02:15.782917,135.782917
PERF.THRUPUT.QS1.Q5,2014-12-02 05:58:25.106135,2014-12-02 05:59:15.670498,00:00:50.564363,50.564363
PERF.THRUPUT.QS1.Q11,2014-12-02 05:59:15.684231,2014-12-02 05:59:37.425503,00:00:21.741272,21.741272
PERF.THRUPUT.QS10.Q12,2014-12-02 05:58:06.069044,2014-12-02 05:59:40.992549,00:01:34.923505,94.923505
PERF.THRUPUT.QS7.Q22,2014-12-02 05:59:09.381162,2014-12-02 05:59:43.228177,00:00:33.847015,33.847015
PERF.THRUPUT.QS7.Q17,2014-12-02 05:59:43.241885,2014-12-02 05:59:43.992188,00:00:00.750303,0.750303
PERF.THRUPUT.QS6.Q8,2014-12-02 05:59:08.16335,2014-12-02 06:00:00.945302,00:00:52.781952,52.781952
PERF.THRUPUT.RFST5.RF2,2014-12-02 05:58:19.032877,2014-12-02 06:00:01.023527,00:01:41.99065,101.99065
PERF.THRUPUT.RFST5,2014-12-02 05:58:03.041764,2014-12-02 06:00:01.030652,00:01:57.988888,117.988888
PERF.THRUPUT.QS4.Q6,2014-12-02 05:58:54.891192,2014-12-02 06:00:06.073182,00:01:11.18199,71.18199
PERF.THRUPUT.RFST6.RF1,2014-12-02 06:00:01.045344,2014-12-02 06:00:16.917721,00:00:15.872377,15.872377
PERF.THRUPUT.QS4.Q4,2014-12-02 06:00:06.087,2014-12-02 06:00:50.843948,00:00:44.756948,44.756948
PERF.THRUPUT.QS1.Q7,2014-12-02 05:59:37.440259,2014-12-02 06:01:34.119429,00:01:56.67917,116.67917
PERF.THRUPUT.RFST6.RF2,2014-12-02 06:00:16.928766,2014-12-02 06:02:03.794661,00:01:46.865895,106.865895
PERF.THRUPUT.RFST6,2014-12-02 06:00:01.039112,2014-12-02 06:02:03.802629,00:02:02.763517,122.763517
PERF.THRUPUT.RFST7.RF1,2014-12-02 06:02:03.81837,2014-12-02 06:02:19.175963,00:00:15.357593,15.357593
PERF.THRUPUT.QS1.Q6,2014-12-02 06:01:34.134019,2014-12-02 06:02:45.524639,00:01:11.39062,71.39062
PERF.THRUPUT.QS5.Q18,2014-12-02 05:58:50.777046,2014-12-02 06:03:07.491014,00:04:16.713968,256.713968
PERF.THRUPUT.QS1.Q20,2014-12-02 06:02:45.540299,2014-12-02 06:03:20.034529,00:00:34.49423,34.49423
PERF.THRUPUT.QS1.Q17,2014-12-02 06:03:20.049676,2014-12-02 06:03:20.856316,00:00:00.80664,0.80664
PERF.THRUPUT.QS9.Q18,2014-12-02 05:59:13.695046,2014-12-02 06:03:26.176065,00:04:12.481019,252.481019
PERF.THRUPUT.QS9.Q11,2014-12-02 06:03:26.189343,2014-12-02 06:03:47.881058,00:00:21.691715,21.691715
PERF.THRUPUT.QS9.Q19,2014-12-02 06:03:47.895655,2014-12-02 06:03:55.978604,00:00:08.082949,8.082949
PERF.THRUPUT.RFST7.RF2,2014-12-02 06:02:19.187527,2014-12-02 06:04:05.897862,00:01:46.710335,106.710335
PERF.THRUPUT.RFST7,2014-12-02 06:02:03.812256,2014-12-02 06:04:05.905147,00:02:02.092891,122.092891
PERF.THRUPUT.QS10.Q1,2014-12-02 05:59:41.007152,2014-12-02 06:04:16.184938,00:04:35.177786,275.177786
PERF.THRUPUT.QS7.Q1,2014-12-02 05:59:44.005878,2014-12-02 06:04:19.975247,00:04:35.969369,275.969369
PERF.THRUPUT.RFST8.RF1,2014-12-02 06:04:05.91996,2014-12-02 06:04:20.694116,00:00:14.774156,14.774156
PERF.THRUPUT.QS5.Q14,2014-12-02 06:03:07.505838,2014-12-02 06:04:30.705453,00:01:23.199615,83.199615
PERF.THRUPUT.QS2.Q2,2014-12-02 06:03:59.145605,2014-12-02 06:04:33.584958,00:00:34.439353,34.439353
PERF.THRUPUT.QS7.Q11,2014-12-02 06:04:19.998669,2014-12-02 06:04:42.382477,00:00:22.383808,22.383808
PERF.THRUPUT.QS1.Q12,2014-12-02 06:03:20.869918,2014-12-02 06:04:54.648776,00:01:33.778858,93.778858
PERF.THRUPUT.QS3.Q18,2014-12-02 06:00:26.54562,2014-12-02 06:05:02.461853,00:04:35.916233,275.916233
PERF.THRUPUT.QS5.Q22,2014-12-02 06:04:30.723625,2014-12-02 06:05:05.925487,00:00:35.201862,35.201862
PERF.THRUPUT.QS1.Q16,2014-12-02 06:04:54.663807,2014-12-02 06:05:27.176315,00:00:32.512508,32.512508
PERF.THRUPUT.QS4.Q1,2014-12-02 06:17:19.414549,2014-12-02 06:21:51.529898,00:04:32.115349,272.115349
PERF.THRUPUT.QS5.Q11,2014-12-02 06:05:05.94418,2014-12-02 06:05:27.219834,00:00:21.275654,21.275654
PERF.THRUPUT.QS3.Q22,2014-12-02 06:05:02.476487,2014-12-02 06:05:36.038169,00:00:33.561682,33.561682
PERF.THRUPUT.QS9.Q10,2014-12-02 06:03:55.992999,2014-12-02 06:05:36.269902,00:01:40.276903,100.276903
PERF.THRUPUT.RFST8.RF2,2014-12-02 06:04:20.704329,2014-12-02 06:06:03.030023,00:01:42.325694,102.325694
PERF.THRUPUT.RFST8,2014-12-02 06:04:05.913712,2014-12-02 06:06:03.038124,00:01:57.124412,117.124412
PERF.THRUPUT.QS10.Q7,2014-12-02 06:04:16.213416,2014-12-02 06:06:12.563793,00:01:56.350377,116.350377
PERF.THRUPUT.RFST9.RF1,2014-12-02 06:06:03.053957,2014-12-02 06:06:18.234699,00:00:15.180742,15.180742
PERF.THRUPUT.QS1.Q22,2014-12-02 06:22:04.729413,2014-12-02 06:22:37.095302,00:00:32.365889,32.365889
PERF.THRUPUT.QS10.Q2,2014-12-02 06:06:12.592335,2014-12-02 06:06:43.006388,00:00:30.414053,30.414053
PERF.THRUPUT.QS3.Q14,2014-12-02 06:05:36.053614,2014-12-02 06:06:51.223595,00:01:15.169981,75.169981
PERF.THRUPUT.QS6.Q9,2014-12-02 06:00:00.959442,2014-12-02 06:08:26.830518,00:08:25.871076,505.871076
PERF.THRUPUT.QS4.Q9,2014-12-02 06:00:50.858814,2014-12-02 06:09:09.419276,00:08:18.560462,498.560462
PERF.THRUPUT.QS7.Q9,2014-12-02 06:04:42.398785,2014-12-02 06:13:11.814727,00:08:29.415942,509.415942
PERF.THRUPUT.QS9.Q12,2014-12-02 06:15:19.246933,2014-12-02 06:16:54.283993,00:01:35.03706,95.03706
PERF.THRUPUT.QS5.Q17,2014-12-02 06:17:55.325661,2014-12-02 06:17:56.135696,00:00:00.810035,0.810035
PERF.THRUPUT.QS3.Q15,2014-12-02 06:16:59.013459,2014-12-02 06:19:04.168354,00:02:05.154895,125.154895
PERF.THRUPUT.QS7.Q7,2014-12-02 06:17:47.387997,2014-12-02 06:19:38.20675,00:01:50.818753,110.818753
PERF.THRUPUT.QS3.Q20,2014-12-02 06:19:25.021781,2014-12-02 06:19:59.537983,00:00:34.516202,34.516202
PERF.THRUPUT.QS3.Q2,2014-12-02 06:19:59.5524,2014-12-02 06:20:31.42096,00:00:31.86856,31.86856
PERF.THRUPUT.QS8.Q2,2014-12-02 06:20:52.225562,2014-12-02 06:21:20.860187,00:00:28.634625,28.634625
PERF.THRUPUT.QS3.Q19,2014-12-02 06:22:41.555228,2014-12-02 06:22:49.211723,00:00:07.656495,7.656495
PERF.THRUPUT.QS7.Q6,2014-12-02 06:21:46.09991,2014-12-02 06:23:00.607338,00:01:14.507428,74.507428
PERF.THRUPUT.QS6.Q5,2014-12-02 06:22:24.300383,2014-12-02 06:23:15.665978,00:00:51.365595,51.365595
PERF.THRUPUT.QS6.Q16,2014-12-02 06:23:15.680069,2014-12-02 06:23:47.4696,00:00:31.789531,31.789531
PERF.THRUPUT.QS10.Q3,2014-12-02 06:22:13.623078,2014-12-02 06:24:03.442878,00:01:49.8198,109.8198
PERF.THRUPUT.QS6.Q2,2014-12-02 06:23:47.484619,2014-12-02 06:24:16.548678,00:00:29.064059,29.064059
PERF.THRUPUT.QS3.Q13,2014-12-02 06:22:49.226352,2014-12-02 06:24:17.317873,00:01:28.091521,88.091521
PERF.THRUPUT.QS7.Q14,2014-12-02 06:23:00.622681,2014-12-02 06:24:18.221846,00:01:17.599165,77.599165
PERF.THRUPUT.QS10.Q16,2014-12-02 06:24:03.457444,2014-12-02 06:24:36.281301,00:00:32.823857,32.823857
PERF.THRUPUT.QS10.Q20,2014-12-02 06:24:36.296184,2014-12-02 06:25:10.362193,00:00:34.066009,34.066009
PERF.THRUPUT.QS10.Q19,2014-12-02 06:25:10.376832,2014-12-02 06:25:17.981745,00:00:07.604913,7.604913
PERF.THRUPUT.QS4.Q7,2014-12-02 06:23:21.350625,2014-12-02 06:25:18.059318,00:01:56.708693,116.708693
PERF.THRUPUT.QS6.Q14,2014-12-02 06:24:16.563547,2014-12-02 06:25:35.397079,00:01:18.833532,78.833532
PERF.THRUPUT.QS10.Q11,2014-12-02 06:25:18.000506,2014-12-02 06:25:39.494739,00:00:21.494233,21.494233
PERF.THRUPUT.QS6.Q19,2014-12-02 06:25:35.411415,2014-12-02 06:25:43.156688,00:00:07.745273,7.745273
PERF.THRUPUT.QS5.Q13,2014-12-02 06:05:27.233852,2014-12-02 06:07:02.973002,00:01:35.73915,95.73915
PERF.THRUPUT.QS2.Q15,2014-12-02 06:04:33.598377,2014-12-02 06:07:07.217874,00:02:33.619497,153.619497
PERF.THRUPUT.QS10.Q22,2014-12-02 06:06:43.021084,2014-12-02 06:07:16.998673,00:00:33.977589,33.977589
PERF.THRUPUT.QS8.Q9,2014-12-02 05:59:06.273819,2014-12-02 06:07:28.367528,00:08:22.093709,502.093709
PERF.THRUPUT.QS1.Q15,2014-12-02 06:05:27.191582,2014-12-02 06:07:33.129981,00:02:05.938399,125.938399
PERF.THRUPUT.QS9.Q15,2014-12-02 06:05:36.284038,2014-12-02 06:07:37.888603,00:02:01.604565,121.604565
PERF.THRUPUT.QS2.Q8,2014-12-02 06:07:07.231932,2014-12-02 06:07:57.73755,00:00:50.505618,50.505618
PERF.THRUPUT.RFST9.RF2,2014-12-02 06:06:18.245735,2014-12-02 06:08:03.289855,00:01:45.04412,105.04412
PERF.THRUPUT.RFST9,2014-12-02 06:06:03.047037,2014-12-02 06:08:03.297798,00:02:00.250761,120.250761
PERF.THRUPUT.RFST10.RF1,2014-12-02 06:08:03.313167,2014-12-02 06:08:18.312221,00:00:14.999054,14.999054
PERF.THRUPUT.QS9.Q4,2014-12-02 06:07:37.903511,2014-12-02 06:08:18.649572,00:00:40.746061,40.746061
PERF.THRUPUT.QS10.Q13,2014-12-02 06:07:17.02459,2014-12-02 06:08:42.642495,00:01:25.617905,85.617905
PERF.THRUPUT.QS9.Q22,2014-12-02 06:08:18.663738,2014-12-02 06:08:52.756573,00:00:34.092835,34.092835
PERF.THRUPUT.QS2.Q5,2014-12-02 06:07:57.752407,2014-12-02 06:08:53.059726,00:00:55.307319,55.307319
PERF.THRUPUT.QS5.Q3,2014-12-02 06:07:02.98747,2014-12-02 06:08:57.386602,00:01:54.399132,114.399132
PERF.THRUPUT.QS8.Q12,2014-12-02 06:07:28.382676,2014-12-02 06:09:04.10023,00:01:35.717554,95.717554
PERF.THRUPUT.QS1.Q13,2014-12-02 06:07:33.144466,2014-12-02 06:09:09.652991,00:01:36.508525,96.508525
PERF.THRUPUT.QS2.Q22,2014-12-02 06:08:53.085622,2014-12-02 06:09:25.54249,00:00:32.456868,32.456868
PERF.THRUPUT.QS4.Q8,2014-12-02 06:09:09.433562,2014-12-02 06:09:59.193424,00:00:49.759862,49.759862
PERF.THRUPUT.RFST10.RF2,2014-12-02 06:08:18.324128,2014-12-02 06:10:05.029272,00:01:46.705144,106.705144
PERF.THRUPUT.RFST10,2014-12-02 06:08:03.306532,2014-12-02 06:10:05.036686,00:02:01.730154,121.730154
PERF.THRUPUT.QS6.Q7,2014-12-02 06:08:26.846816,2014-12-02 06:10:22.68751,00:01:55.840694,115.840694
PERF.THRUPUT.QS8.Q14,2014-12-02 06:09:04.116825,2014-12-02 06:10:22.69953,00:01:18.582705,78.582705
PERF.THRUPUT.QS4.Q16,2014-12-02 06:09:59.20851,2014-12-02 06:10:30.198818,00:00:30.990308,30.990308
PERF.THRUPUT.QS1.Q10,2014-12-02 06:09:09.66684,2014-12-02 06:10:48.640585,00:01:38.973745,98.973745
PERF.THRUPUT.QS4.Q11,2014-12-02 06:10:30.212854,2014-12-02 06:10:51.143536,00:00:20.930682,20.930682
PERF.THRUPUT.QS10.Q21,2014-12-02 06:08:42.657998,2014-12-02 06:10:57.378266,00:02:14.720268,134.720268
PERF.THRUPUT.QS2.Q12,2014-12-02 06:09:25.557726,2014-12-02 06:11:00.491985,00:01:34.934259,94.934259
PERF.THRUPUT.QS6.Q4,2014-12-02 06:10:22.702889,2014-12-02 06:11:05.959703,00:00:43.256814,43.256814
PERF.THRUPUT.QS1.Q2,2014-12-02 06:10:48.655809,2014-12-02 06:11:18.270632,00:00:29.614823,29.614823
PERF.THRUPUT.QS4.Q2,2014-12-02 06:10:51.1571,2014-12-02 06:11:19.49022,00:00:28.33312,28.33312
PERF.THRUPUT.QS6.Q11,2014-12-02 06:11:05.973688,2014-12-02 06:11:27.14535,00:00:21.171662,21.171662
PERF.THRUPUT.QS6.Q22,2014-12-02 06:11:27.159227,2014-12-02 06:12:00.423859,00:00:33.264632,33.264632
PERF.THRUPUT.QS1.Q8,2014-12-02 06:11:18.285886,2014-12-02 06:12:10.586034,00:00:52.300148,52.300148
PERF.THRUPUT.QS8.Q7,2014-12-02 06:10:22.712979,2014-12-02 06:12:17.708435,00:01:54.995456,114.995456
PERF.THRUPUT.QS10.Q10,2014-12-02 06:10:57.392595,2014-12-02 06:12:38.792634,00:01:41.400039,101.400039
PERF.THRUPUT.QS4.Q10,2014-12-02 06:11:19.504159,2014-12-02 06:12:54.302349,00:01:34.79819,94.79819
PERF.THRUPUT.QS8.Q4,2014-12-02 06:12:17.722417,2014-12-02 06:12:59.211326,00:00:41.488909,41.488909
PERF.THRUPUT.QS2.Q7,2014-12-02 06:11:00.506182,2014-12-02 06:12:59.332073,00:01:58.825891,118.825891
PERF.THRUPUT.QS7.Q19,2014-12-02 06:13:11.828925,2014-12-02 06:13:19.551927,00:00:07.723002,7.723002
PERF.THRUPUT.QS1.Q14,2014-12-02 06:12:10.601242,2014-12-02 06:13:21.957769,00:01:11.356527,71.356527
PERF.THRUPUT.QS9.Q1,2014-12-02 06:08:52.772691,2014-12-02 06:13:23.448244,00:04:30.675553,270.675553
PERF.THRUPUT.QS1.Q19,2014-12-02 06:13:21.971817,2014-12-02 06:13:30.022869,00:00:08.051052,8.051052
PERF.THRUPUT.QS5.Q1,2014-12-02 06:08:57.406473,2014-12-02 06:13:33.185274,00:04:35.778801,275.778801
PERF.THRUPUT.QS10.Q14,2014-12-02 06:12:38.807844,2014-12-02 06:13:55.223075,00:01:16.415231,76.415231
PERF.THRUPUT.QS5.Q2,2014-12-02 06:13:33.199115,2014-12-02 06:14:01.830935,00:00:28.63182,28.63182
PERF.THRUPUT.QS2.Q13,2014-12-02 06:12:59.345766,2014-12-02 06:14:37.919115,00:01:38.573349,98.573349
PERF.THRUPUT.QS8.Q3,2014-12-02 06:12:59.224487,2014-12-02 06:14:48.812459,00:01:49.587972,109.587972
PERF.THRUPUT.QS5.Q5,2014-12-02 06:14:01.845013,2014-12-02 06:14:56.551052,00:00:54.706039,54.706039
PERF.THRUPUT.QS3.Q9,2014-12-02 06:06:51.237117,2014-12-02 06:15:18.33619,00:08:27.099073,507.099073
PERF.THRUPUT.QS9.Q7,2014-12-02 06:13:23.462581,2014-12-02 06:15:19.233507,00:01:55.770926,115.770926
PERF.THRUPUT.QS7.Q3,2014-12-02 06:13:19.565458,2014-12-02 06:15:19.470967,00:01:59.905509,119.905509
PERF.THRUPUT.QS6.Q18,2014-12-02 06:12:00.439236,2014-12-02 06:16:17.279747,00:04:16.840511,256.840511
PERF.THRUPUT.QS7.Q13,2014-12-02 06:15:19.488493,2014-12-02 06:16:58.717361,00:01:39.228868,99.228868
PERF.THRUPUT.QS4.Q18,2014-12-02 06:12:54.317672,2014-12-02 06:17:19.400597,00:04:25.082925,265.082925
PERF.THRUPUT.QS5.Q10,2014-12-02 06:17:56.149079,2014-12-02 06:19:33.200435,00:01:37.051356,97.051356
PERF.THRUPUT.QS8.Q13,2014-12-02 06:19:23.85403,2014-12-02 06:20:52.210452,00:01:28.356422,88.356422
PERF.THRUPUT.QS7.Q10,2014-12-02 06:19:38.221817,2014-12-02 06:21:14.155134,00:01:35.933317,95.933317
PERF.THRUPUT.QS1.Q9,2014-12-02 06:13:30.036975,2014-12-02 06:22:04.715431,00:08:34.678456,514.678456
PERF.THRUPUT.QS10.Q9,2014-12-02 06:13:55.239261,2014-12-02 06:22:13.609116,00:08:18.369855,498.369855
PERF.THRUPUT.QS3.Q21,2014-12-02 06:20:31.434857,2014-12-02 06:22:41.541044,00:02:10.106187,130.106187
PERF.THRUPUT.QS4.Q13,2014-12-02 06:21:51.54571,2014-12-02 06:23:21.334396,00:01:29.788686,89.788686
PERF.THRUPUT.QS8.Q21,2014-12-02 06:21:20.873756,2014-12-02 06:23:28.362904,00:02:07.489148,127.489148
PERF.THRUPUT.QS2.Q4,2014-12-02 06:23:22.460458,2014-12-02 06:24:04.176979,00:00:41.716521,41.716521
PERF.THRUPUT.QS2.Q20,2014-12-02 06:24:04.191824,2014-12-02 06:24:38.320076,00:00:34.128252,34.128252
PERF.THRUPUT.QS3.Q16,2014-12-02 06:24:17.331056,2014-12-02 06:24:49.325275,00:00:31.994219,31.994219
PERF.THRUPUT.QS4.Q22,2014-12-02 06:25:18.076403,2014-12-02 06:25:51.34176,00:00:33.265357,33.265357
PERF.THRUPUT.QS6.Q20,2014-12-02 06:25:43.17074,2014-12-02 06:26:18.612985,00:00:35.442245,35.442245
PERF.THRUPUT.QS7.Q15,2014-12-02 06:24:18.236146,2014-12-02 06:26:18.839798,00:02:00.603652,120.603652
PERF.THRUPUT.QS6.Q17,2014-12-02 06:26:18.628082,2014-12-02 06:26:19.418586,00:00:00.790504,0.790504
PERF.THRUPUT.QS10.Q4,2014-12-02 06:25:39.508227,2014-12-02 06:26:20.386195,00:00:40.877968,40.877968
PERF.THRUPUT.QS3.Q12,2014-12-02 06:24:49.340041,2014-12-02 06:26:23.83788,00:01:34.497839,94.497839
PERF.THRUPUT.QS2.Q3,2014-12-02 06:24:38.332739,2014-12-02 06:26:26.738766,00:01:48.406027,108.406027
PERF.THRUPUT.QS9.Q14,2014-12-02 06:25:14.328957,2014-12-02 06:26:30.86553,00:01:16.536573,76.536573
PERF.THRUPUT.QS2.Q11,2014-12-02 06:26:26.752592,2014-12-02 06:26:48.481534,00:00:21.728942,21.728942
PERF.THRUPUT.QS1.Q1,2014-12-02 06:22:37.11246,2014-12-02 06:27:07.869883,00:04:30.757423,270.757423
PERF.THRUPUT.QS10.Q8,2014-12-02 06:26:20.399891,2014-12-02 06:27:12.155908,00:00:51.756017,51.756017
PERF.THRUPUT.QS9.Q5,2014-12-02 06:26:30.877803,2014-12-02 06:27:20.013775,00:00:49.135972,49.135972
PERF.THRUPUT.QS8.Q18,2014-12-02 06:23:28.376919,2014-12-02 06:27:39.935682,00:04:11.558763,251.558763
PERF.THRUPUT.QS4.Q3,2014-12-02 06:25:52.459913,2014-12-02 06:27:41.856822,00:01:49.396909,109.396909
PERF.THRUPUT.QS1.Q4,2014-12-02 06:27:07.885222,2014-12-02 06:27:47.825422,00:00:39.9402,39.9402
PERF.THRUPUT.QS9.Q16,2014-12-02 06:27:20.028528,2014-12-02 06:27:52.078851,00:00:32.050323,32.050323
PERF.THRUPUT.QS7.Q12,2014-12-02 06:26:18.853052,2014-12-02 06:27:53.639076,00:01:34.786024,94.786024
PERF.THRUPUT.QS8.Q11,2014-12-02 06:27:39.950842,2014-12-02 06:28:00.518388,00:00:20.567546,20.567546
PERF.THRUPUT.QS10.Q5,2014-12-02 06:27:12.170026,2014-12-02 06:28:03.467437,00:00:51.297411,51.297411
PERF.THRUPUT.QS3.Q3,2014-12-02 06:26:23.851707,2014-12-02 06:28:11.923295,00:01:48.071588,108.071588
PERF.THRUPUT.QS4.Q20,2014-12-02 06:27:41.870362,2014-12-02 06:28:17.353098,00:00:35.482736,35.482736
PERF.THRUPUT.QS6.Q21,2014-12-02 06:26:19.43239,2014-12-02 06:28:32.68647,00:02:13.25408,133.25408
PERF.THRUPUT.QS2.Q21,2014-12-02 06:26:48.496695,2014-12-02 06:29:05.911524,00:02:17.414829,137.414829
