# hostname;interval;timestamp;CPU;%user;%nice;%system;%iowait;%steal;%idle
axle;60;1417493253;-1;6.07;0.00;6.52;0.07;0.00;87.33
axle;60;1417493253;0;13.96;0.00;18.85;0.95;0.00;66.24
axle;60;1417493253;1;25.57;0.00;30.18;0.20;0.00;44.05
axle;60;1417493253;2;2.42;0.00;3.76;0.00;0.00;93.82
axle;60;1417493253;3;0.87;0.00;1.29;0.00;0.00;97.84
axle;60;1417493253;4;0.88;0.00;1.27;0.00;0.00;97.85
axle;60;1417493253;5;0.38;0.00;0.53;0.00;0.00;99.08
axle;60;1417493253;6;0.98;0.00;1.07;0.00;0.00;97.95
axle;60;1417493253;7;0.45;0.00;0.45;0.00;0.00;99.10
axle;60;1417493253;8;15.49;0.00;11.76;0.00;0.00;72.75
axle;60;1417493253;9;12.12;0.00;15.21;0.00;0.00;72.67
axle;60;1417493253;10;2.32;0.00;3.89;0.00;0.00;93.79
axle;60;1417493253;11;15.23;0.00;6.79;0.00;0.00;77.99
axle;60;1417493253;12;2.44;0.00;3.37;0.00;0.00;94.19
axle;60;1417493253;13;0.95;0.00;1.81;0.00;0.00;97.24
axle;60;1417493253;14;2.10;0.00;2.39;0.00;0.00;95.51
axle;60;1417493253;15;1.00;0.00;1.67;0.02;0.00;97.31
axle;60;1417493313;-1;6.13;0.00;8.35;0.00;0.00;85.52
axle;60;1417493313;0;4.16;0.00;7.98;0.00;0.00;87.86
axle;60;1417493313;1;6.43;0.00;10.95;0.00;0.00;82.63
axle;60;1417493313;2;1.75;0.00;3.33;0.00;0.00;94.92
axle;60;1417493313;3;1.79;0.00;3.30;0.00;0.00;94.91
axle;60;1417493313;4;1.52;0.00;2.53;0.00;0.00;95.95
axle;60;1417493313;5;1.64;0.00;2.69;0.00;0.00;95.67
axle;60;1417493313;6;5.29;0.00;6.10;0.00;0.00;88.61
axle;60;1417493313;7;31.25;0.00;31.85;0.00;0.00;36.90
axle;60;1417493313;8;6.61;0.00;12.50;0.00;0.00;80.89
axle;60;1417493313;9;10.75;0.00;14.75;0.00;0.00;74.50
axle;60;1417493313;10;2.94;0.00;4.54;0.00;0.00;92.52
axle;60;1417493313;11;2.48;0.00;4.89;0.00;0.00;92.63
axle;60;1417493313;12;4.20;0.00;5.88;0.00;0.00;89.92
axle;60;1417493313;13;13.05;0.00;14.28;0.00;0.00;72.67
axle;60;1417493313;14;2.16;0.00;4.18;0.00;0.00;93.66
axle;60;1417493313;15;1.99;0.00;3.69;0.03;0.00;94.29
axle;60;1417493373;-1;6.10;0.00;5.57;0.01;0.00;88.32
axle;60;1417493373;0;6.92;0.00;8.75;0.07;0.00;84.26
axle;60;1417493373;1;15.78;0.00;19.18;0.07;0.00;64.97
axle;60;1417493373;2;3.18;0.00;4.44;0.00;0.00;92.38
axle;60;1417493373;3;2.45;0.00;4.44;0.00;0.00;93.11
axle;60;1417493373;4;2.51;0.00;3.92;0.00;0.00;93.57
axle;60;1417493373;5;2.37;0.00;3.76;0.00;0.00;93.87
axle;60;1417493373;6;2.46;0.00;3.89;0.00;0.00;93.65
axle;60;1417493373;7;11.74;0.00;7.19;0.00;0.00;81.07
axle;60;1417493373;8;5.58;0.00;3.49;0.00;0.00;90.94
axle;60;1417493373;9;23.55;0.00;6.26;0.02;0.00;70.17
axle;60;1417493373;10;0.62;0.00;1.17;0.00;0.00;98.21
axle;60;1417493373;11;0.85;0.00;2.17;0.00;0.00;96.98
axle;60;1417493373;12;18.45;0.00;18.32;0.00;0.00;63.23
axle;60;1417493373;13;0.42;0.00;0.72;0.00;0.00;98.87
axle;60;1417493373;14;0.37;0.00;0.82;0.00;0.00;98.82
axle;60;1417493373;15;0.30;0.00;0.67;0.03;0.00;99.00
axle;60;1417493433;-1;3.29;0.00;3.09;0.00;0.00;93.62
axle;60;1417493433;0;0.02;0.00;0.05;0.02;0.00;99.92
axle;60;1417493433;1;51.65;0.00;48.35;0.00;0.00;0.00
axle;60;1417493433;2;0.03;0.00;0.05;0.00;0.00;99.92
axle;60;1417493433;3;0.00;0.00;0.02;0.00;0.00;99.98
axle;60;1417493433;4;0.02;0.00;0.03;0.00;0.00;99.95
axle;60;1417493433;5;0.02;0.00;0.03;0.00;0.00;99.95
axle;60;1417493433;6;0.03;0.00;0.02;0.00;0.00;99.95
axle;60;1417493433;7;0.02;0.00;0.02;0.00;0.00;99.97
axle;60;1417493433;8;0.55;0.00;0.60;0.00;0.00;98.85
axle;60;1417493433;9;0.03;0.00;0.02;0.00;0.00;99.95
axle;60;1417493433;10;0.08;0.00;0.08;0.00;0.00;99.83
axle;60;1417493433;11;0.13;0.00;0.08;0.00;0.00;99.78
axle;60;1417493433;12;0.02;0.00;0.02;0.00;0.00;99.97
axle;60;1417493433;13;0.00;0.00;0.00;0.00;0.00;100.00
axle;60;1417493433;14;0.00;0.00;0.00;0.00;0.00;100.00
axle;60;1417493433;15;0.02;0.00;0.00;0.00;0.00;99.98
axle;60;1417493493;-1;3.43;0.00;2.90;0.00;0.00;93.67
axle;60;1417493493;0;0.02;0.00;0.03;0.03;0.00;99.92
axle;60;1417493493;1;53.92;0.00;46.08;0.00;0.00;0.00
axle;60;1417493493;2;0.02;0.00;0.00;0.00;0.00;99.98
axle;60;1417493493;3;0.02;0.00;0.00;0.00;0.00;99.98
axle;60;1417493493;4;0.02;0.00;0.03;0.00;0.00;99.95
axle;60;1417493493;5;0.02;0.00;0.05;0.00;0.00;99.93
axle;60;1417493493;6;0.02;0.00;0.02;0.00;0.00;99.97
axle;60;1417493493;7;0.00;0.00;0.03;0.00;0.00;99.97
axle;60;1417493493;8;0.67;0.00;0.08;0.00;0.00;99.25
axle;60;1417493493;9;0.00;0.00;0.00;0.00;0.00;100.00
axle;60;1417493493;10;0.05;0.00;0.05;0.00;0.00;99.90
axle;60;1417493493;11;0.03;0.00;0.05;0.00;0.00;99.92
axle;60;1417493493;12;0.00;0.00;0.02;0.00;0.00;99.98
axle;60;1417493493;13;0.00;0.00;0.02;0.00;0.00;99.98
axle;60;1417493493;14;0.00;0.00;0.00;0.00;0.00;100.00
axle;60;1417493493;15;0.00;0.00;0.00;0.00;0.00;100.00
axle;60;1417493553;-1;3.41;0.00;2.92;0.00;0.00;93.67
axle;60;1417493553;0;0.03;0.00;0.03;0.00;0.00;99.93
axle;60;1417493553;1;53.73;0.00;46.27;0.00;0.00;0.00
axle;60;1417493553;2;0.02;0.00;0.02;0.00;0.00;99.97
axle;60;1417493553;3;0.00;0.00;0.02;0.00;0.00;99.98
axle;60;1417493553;4;0.02;0.00;0.02;0.00;0.00;99.97
axle;60;1417493553;5;0.02;0.00;0.05;0.00;0.00;99.93
axle;60;1417493553;6;0.02;0.00;0.05;0.00;0.00;99.93
axle;60;1417493553;7;0.03;0.00;0.02;0.00;0.00;99.95
axle;60;1417493553;8;0.63;0.00;0.10;0.00;0.00;99.27
axle;60;1417493553;9;0.02;0.00;0.02;0.00;0.00;99.97
axle;60;1417493553;10;0.03;0.00;0.07;0.00;0.00;99.90
axle;60;1417493553;11;0.02;0.00;0.05;0.00;0.00;99.93
axle;60;1417493553;12;0.02;0.00;0.00;0.00;0.00;99.98
axle;60;1417493553;13;0.00;0.00;0.00;0.00;0.00;100.00
axle;60;1417493553;14;0.00;0.00;0.00;0.00;0.00;100.00
axle;60;1417493553;15;0.03;0.00;0.00;0.00;0.00;99.97
axle;60;1417493613;-1;3.42;0.00;2.91;0.00;0.00;93.67
axle;60;1417493613;0;0.00;0.00;0.05;0.02;0.00;99.93
axle;60;1417493613;1;53.78;0.00;46.22;0.00;0.00;0.00
axle;60;1417493613;2;0.00;0.00;0.00;0.00;0.00;100.00
axle;60;1417493613;3;0.00;0.00;0.00;0.00;0.00;100.00
axle;60;1417493613;4;0.03;0.00;0.02;0.00;0.00;99.95
axle;60;1417493613;5;0.00;0.00;0.03;0.00;0.00;99.97
axle;60;1417493613;6;0.03;0.00;0.05;0.00;0.00;99.92
axle;60;1417493613;7;0.02;0.00;0.02;0.00;0.00;99.97
axle;60;1417493613;8;0.65;0.00;0.10;0.00;0.00;99.25
axle;60;1417493613;9;0.02;0.00;0.03;0.00;0.00;99.95
axle;60;1417493613;10;0.03;0.00;0.05;0.00;0.00;99.92
axle;60;1417493613;11;0.07;0.00;0.03;0.00;0.00;99.90
axle;60;1417493613;12;0.00;0.00;0.00;0.00;0.00;100.00
axle;60;1417493613;13;0.02;0.00;0.00;0.00;0.00;99.98
axle;60;1417493613;14;0.00;0.00;0.00;0.00;0.00;100.00
axle;60;1417493613;15;0.00;0.00;0.00;0.00;0.00;100.00
axle;60;1417493673;-1;4.14;0.00;2.18;0.00;0.00;93.67
axle;60;1417493673;0;0.00;0.00;0.05;0.00;0.00;99.95
axle;60;1417493673;1;65.45;0.00;34.48;0.00;0.00;0.07
axle;60;1417493673;2;0.02;0.00;0.02;0.00;0.00;99.97
axle;60;1417493673;3;0.02;0.00;0.02;0.00;0.00;99.97
axle;60;1417493673;4;0.10;0.00;0.00;0.00;0.00;99.90
axle;60;1417493673;5;0.02;0.00;0.03;0.00;0.00;99.95
axle;60;1417493673;6;0.03;0.00;0.05;0.00;0.00;99.92
axle;60;1417493673;7;0.02;0.00;0.07;0.00;0.00;99.92
axle;60;1417493673;8;0.48;0.00;0.05;0.00;0.00;99.47
axle;60;1417493673;9;0.00;0.00;0.00;0.00;0.00;100.00
axle;60;1417493673;10;0.07;0.00;0.08;0.00;0.00;99.85
axle;60;1417493673;11;0.07;0.00;0.03;0.00;0.00;99.90
axle;60;1417493673;12;0.00;0.00;0.02;0.00;0.00;99.98
axle;60;1417493673;13;0.02;0.00;0.00;0.00;0.00;99.98
axle;60;1417493673;14;0.00;0.00;0.00;0.00;0.00;100.00
axle;60;1417493673;15;0.00;0.00;0.02;0.00;0.00;99.98
axle;60;1417493733;-1;3.92;0.00;2.42;0.00;0.00;93.66
axle;60;1417493733;0;0.02;0.00;0.07;0.02;0.00;99.90
axle;60;1417493733;1;61.84;0.00;38.11;0.00;0.00;0.05
axle;60;1417493733;2;0.00;0.00;0.02;0.00;0.00;99.98
axle;60;1417493733;3;0.02;0.00;0.00;0.00;0.00;99.98
axle;60;1417493733;4;0.05;0.00;0.05;0.00;0.00;99.90
axle;60;1417493733;5;0.03;0.00;0.05;0.00;0.00;99.92
axle;60;1417493733;6;0.00;0.00;0.02;0.00;0.00;99.98
axle;60;1417493733;7;0.00;0.00;0.02;0.00;0.00;99.98
axle;60;1417493733;8;0.55;0.00;0.08;0.00;0.00;99.37
axle;60;1417493733;9;0.03;0.00;0.03;0.00;0.00;99.93
axle;60;1417493733;10;0.07;0.00;0.08;0.00;0.00;99.85
axle;60;1417493733;11;0.03;0.00;0.08;0.00;0.00;99.88
axle;60;1417493733;12;0.02;0.00;0.02;0.00;0.00;99.97
axle;60;1417493733;13;0.00;0.00;0.02;0.00;0.00;99.98
axle;60;1417493733;14;0.02;0.00;0.00;0.00;0.00;99.98
axle;60;1417493733;15;0.00;0.00;0.00;0.00;0.00;100.00
axle;60;1417493793;-1;4.13;0.00;2.10;0.00;0.00;93.77
axle;60;1417493793;0;0.03;0.00;0.05;0.02;0.00;99.90
axle;60;1417493793;1;65.25;0.00;33.05;0.00;0.00;1.70
axle;60;1417493793;2;0.03;0.00;0.02;0.00;0.00;99.95
axle;60;1417493793;3;0.00;0.00;0.02;0.00;0.00;99.98
axle;60;1417493793;4;0.07;0.00;0.08;0.00;0.00;99.85
axle;60;1417493793;5;0.05;0.00;0.05;0.00;0.00;99.90
axle;60;1417493793;6;0.02;0.00;0.00;0.00;0.00;99.98
axle;60;1417493793;7;0.00;0.00;0.00;0.00;0.00;100.00
axle;60;1417493793;8;0.43;0.00;0.08;0.00;0.00;99.48
axle;60;1417493793;9;0.03;0.00;0.00;0.00;0.00;99.97
axle;60;1417493793;10;0.05;0.00;0.07;0.00;0.00;99.88
axle;60;1417493793;11;0.05;0.00;0.17;0.00;0.00;99.78
axle;60;1417493793;12;0.00;0.00;0.00;0.00;0.00;100.00
axle;60;1417493793;13;0.00;0.00;0.00;0.00;0.00;100.00
axle;60;1417493793;14;0.00;0.00;0.00;0.00;0.00;100.00
axle;60;1417493793;15;0.03;0.00;0.00;0.00;0.00;99.97
axle;60;1417493853;-1;4.93;0.00;1.43;0.00;0.00;93.64
axle;60;1417493853;0;29.17;0.00;1.18;0.02;0.00;69.63
axle;60;1417493853;1;36.52;0.00;0.78;0.00;0.00;62.70
axle;60;1417493853;2;0.02;0.00;0.02;0.00;0.00;99.97
axle;60;1417493853;3;0.00;0.00;0.00;0.00;0.00;100.00
axle;60;1417493853;4;0.07;0.00;0.10;0.00;0.00;99.83
axle;60;1417493853;5;0.05;0.00;0.12;0.00;0.00;99.83
axle;60;1417493853;6;0.02;0.00;0.00;0.00;0.00;99.98
axle;60;1417493853;7;0.00;0.00;0.00;0.00;0.00;100.00
axle;60;1417493853;8;12.74;0.00;20.40;0.00;0.00;66.86
axle;60;1417493853;9;0.12;0.00;0.05;0.00;0.00;99.83
axle;60;1417493853;10;0.05;0.00;0.10;0.00;0.00;99.85
axle;60;1417493853;11;0.02;0.00;0.03;0.00;0.00;99.95
axle;60;1417493853;12;0.02;0.00;0.02;0.00;0.00;99.97
axle;60;1417493853;13;0.03;0.00;0.02;0.00;0.00;99.95
axle;60;1417493853;14;0.02;0.00;0.03;0.00;0.00;99.95
axle;60;1417493853;15;0.00;0.00;0.03;0.00;0.00;99.97
axle;60;1417493913;-1;3.19;0.00;3.16;0.00;0.00;93.65
axle;60;1417493913;0;16.48;0.00;15.23;0.00;0.00;68.30
axle;60;1417493913;1;23.09;0.00;19.71;0.02;0.00;57.18
axle;60;1417493913;2;0.03;0.00;0.03;0.00;0.00;99.93
axle;60;1417493913;3;0.02;0.00;0.02;0.00;0.00;99.97
axle;60;1417493913;4;0.03;0.00;0.02;0.00;0.00;99.95
axle;60;1417493913;5;0.03;0.00;0.02;0.00;0.00;99.95
axle;60;1417493913;6;0.05;0.00;0.03;0.00;0.00;99.92
axle;60;1417493913;7;0.03;0.00;0.02;0.00;0.00;99.95
axle;60;1417493913;8;11.07;0.00;15.23;0.00;0.00;73.70
axle;60;1417493913;9;0.18;0.00;0.07;0.00;0.00;99.75
axle;60;1417493913;10;0.00;0.00;0.05;0.00;0.00;99.95
axle;60;1417493913;11;0.05;0.00;0.02;0.00;0.00;99.93
axle;60;1417493913;12;0.03;0.00;0.02;0.00;0.00;99.95
axle;60;1417493913;13;0.03;0.00;0.07;0.00;0.00;99.90
axle;60;1417493913;14;0.00;0.00;0.00;0.00;0.00;100.00
axle;60;1417493913;15;0.02;0.00;0.00;0.00;0.00;99.98
axle;60;1417493973;-1;3.34;0.00;2.98;0.00;0.00;93.68
axle;60;1417493973;0;21.96;0.00;20.36;0.00;0.00;57.67
axle;60;1417493973;1;3.47;0.00;2.92;0.00;0.00;93.62
axle;60;1417493973;2;0.15;0.00;0.20;0.00;0.00;99.65
axle;60;1417493973;3;0.75;0.00;0.72;0.00;0.00;98.53
axle;60;1417493973;4;0.12;0.00;0.08;0.00;0.00;99.80
axle;60;1417493973;5;0.20;0.00;0.22;0.00;0.00;99.58
axle;60;1417493973;6;21.54;0.00;18.84;0.00;0.00;59.63
axle;60;1417493973;7;0.32;0.00;0.38;0.00;0.00;99.30
axle;60;1417493973;8;0.30;0.00;0.15;0.00;0.00;99.55
axle;60;1417493973;9;0.20;0.00;0.13;0.00;0.00;99.67
axle;60;1417493973;10;0.57;0.00;0.53;0.00;0.00;98.90
axle;60;1417493973;11;0.10;0.00;0.12;0.00;0.00;99.78
axle;60;1417493973;12;3.50;0.00;2.69;0.00;0.00;93.81
axle;60;1417493973;13;0.23;0.00;0.32;0.00;0.00;99.45
axle;60;1417493973;14;0.00;0.00;0.00;0.00;0.00;100.00
axle;60;1417493973;15;0.03;0.00;0.03;0.00;0.00;99.93
axle;60;1417494033;-1;5.27;0.00;1.04;0.00;0.00;93.68
axle;60;1417494033;0;0.03;0.00;0.10;0.02;0.00;99.85
axle;60;1417494033;1;81.84;0.00;13.70;0.02;0.00;4.45
axle;60;1417494033;2;0.02;0.00;0.03;0.00;0.00;99.95
axle;60;1417494033;3;0.00;0.00;0.00;0.00;0.00;100.00
axle;60;1417494033;4;0.02;0.00;0.00;0.00;0.00;99.98
axle;60;1417494033;5;0.02;0.00;0.02;0.00;0.00;99.97
axle;60;1417494033;6;1.63;0.00;1.97;0.00;0.00;96.40
axle;60;1417494033;7;0.03;0.00;0.00;0.00;0.00;99.97
axle;60;1417494033;8;0.07;0.00;0.08;0.00;0.00;99.85
axle;60;1417494033;9;0.57;0.00;0.73;0.00;0.00;98.70
axle;60;1417494033;10;0.00;0.00;0.02;0.00;0.00;99.98
axle;60;1417494033;11;0.03;0.00;0.03;0.00;0.00;99.93
axle;60;1417494033;12;0.00;0.00;0.02;0.00;0.00;99.98
axle;60;1417494033;13;0.00;0.00;0.00;0.00;0.00;100.00
axle;60;1417494033;14;0.00;0.00;0.00;0.00;0.00;100.00
axle;60;1417494033;15;0.02;0.00;0.00;0.00;0.00;99.98
axle;60;1417494093;-1;5.68;0.00;0.59;0.00;0.00;93.73
axle;60;1417494093;0;0.00;0.00;0.07;0.02;0.00;99.92
axle;60;1417494093;1;90.72;0.00;9.28;0.00;0.00;0.00
axle;60;1417494093;2;0.02;0.00;0.02;0.00;0.00;99.97
axle;60;1417494093;3;0.00;0.00;0.02;0.00;0.00;99.98
axle;60;1417494093;4;0.00;0.00;0.00;0.00;0.00;100.00
axle;60;1417494093;5;0.02;0.00;0.03;0.00;0.00;99.95
axle;60;1417494093;6;0.00;0.00;0.00;0.00;0.00;100.00
axle;60;1417494093;7;0.02;0.00;0.02;0.00;0.00;99.97
axle;60;1417494093;8;0.00;0.00;0.00;0.00;0.00;100.00
axle;60;1417494093;9;0.00;0.00;0.00;0.00;0.00;100.00
axle;60;1417494093;10;0.02;0.00;0.02;0.00;0.00;99.97
axle;60;1417494093;11;0.00;0.00;0.02;0.00;0.00;99.98
axle;60;1417494093;12;0.02;0.00;0.02;0.00;0.00;99.97
axle;60;1417494093;13;0.02;0.00;0.03;0.00;0.00;99.95
axle;60;1417494093;14;0.00;0.00;0.02;0.00;0.00;99.98
axle;60;1417494093;15;0.02;0.00;0.00;0.00;0.00;99.98
axle;60;1417494153;-1;5.64;0.00;0.67;0.00;0.00;93.69
axle;60;1417494153;0;0.03;0.00;0.05;0.02;0.00;99.90
axle;60;1417494153;1;89.78;0.00;9.98;0.00;0.00;0.23
axle;60;1417494153;2;0.18;0.00;0.05;0.00;0.00;99.77
axle;60;1417494153;3;0.03;0.00;0.02;0.00;0.00;99.95
axle;60;1417494153;4;0.05;0.00;0.07;0.00;0.00;99.88
axle;60;1417494153;5;0.03;0.00;0.05;0.00;0.00;99.92
axle;60;1417494153;6;0.00;0.00;0.00;0.00;0.00;100.00
axle;60;1417494153;7;0.03;0.00;0.02;0.00;0.00;99.95
axle;60;1417494153;8;0.03;0.00;0.02;0.00;0.00;99.95
axle;60;1417494153;9;0.02;0.00;0.02;0.00;0.00;99.97
axle;60;1417494153;10;0.00;0.00;0.10;0.00;0.00;99.90
axle;60;1417494153;11;0.05;0.00;0.02;0.00;0.00;99.93
axle;60;1417494153;12;0.02;0.00;0.00;0.00;0.00;99.98
axle;60;1417494153;13;0.00;0.00;0.00;0.00;0.00;100.00
axle;60;1417494153;14;0.03;0.00;0.13;0.00;0.00;99.83
axle;60;1417494153;15;0.02;0.00;0.17;0.00;0.00;99.82
axle;60;1417494213;-1;5.24;0.00;1.18;0.00;0.00;93.58
axle;60;1417494213;0;55.26;0.00;9.28;0.00;0.00;35.46
axle;60;1417494213;1;28.06;0.00;7.37;0.00;0.00;64.57
axle;60;1417494213;2;0.07;0.00;0.48;0.00;0.00;99.45
axle;60;1417494213;3;0.07;0.00;0.48;0.00;0.00;99.45
axle;60;1417494213;4;0.03;0.00;0.02;0.00;0.00;99.95
axle;60;1417494213;5;0.05;0.00;0.02;0.00;0.00;99.93
axle;60;1417494213;6;0.02;0.00;0.00;0.00;0.00;99.98
axle;60;1417494213;7;0.05;0.00;0.02;0.00;0.00;99.93
axle;60;1417494213;8;0.03;0.00;0.00;0.00;0.00;99.97
axle;60;1417494213;9;0.00;0.00;0.00;0.00;0.00;100.00
axle;60;1417494213;10;0.02;0.00;0.10;0.00;0.00;99.88
axle;60;1417494213;11;0.05;0.00;0.13;0.00;0.00;99.82
axle;60;1417494213;12;0.02;0.00;0.20;0.00;0.00;99.78
axle;60;1417494213;13;0.07;0.00;0.32;0.00;0.00;99.62
axle;60;1417494213;14;0.00;0.00;0.25;0.00;0.00;99.75
axle;60;1417494213;15;0.07;0.00;0.18;0.00;0.00;99.75
axle;60;1417494273;-1;3.78;0.00;2.59;0.00;0.00;93.63
axle;60;1417494273;0;5.25;0.00;0.30;0.00;0.00;94.45
axle;60;1417494273;1;20.61;0.00;3.35;0.00;0.00;76.03
axle;60;1417494273;2;0.05;0.00;0.22;0.00;0.00;99.73
axle;60;1417494273;3;0.02;0.00;0.17;0.00;0.00;99.82
axle;60;1417494273;4;0.02;0.00;0.05;0.00;0.00;99.93
axle;60;1417494273;5;0.08;0.00;0.07;0.00;0.00;99.85
axle;60;1417494273;6;0.00;0.00;0.02;0.00;0.00;99.98
axle;60;1417494273;7;0.02;0.00;0.03;0.00;0.00;99.95
axle;60;1417494273;8;0.15;0.00;0.08;0.00;0.00;99.77
axle;60;1417494273;9;0.03;0.00;0.03;0.00;0.00;99.93
axle;60;1417494273;10;0.07;0.00;0.07;0.00;0.00;99.87
axle;60;1417494273;11;34.13;0.00;36.93;0.00;0.00;28.93
axle;60;1417494273;12;0.03;0.00;0.05;0.00;0.00;99.92
axle;60;1417494273;13;0.02;0.00;0.03;0.00;0.00;99.95
axle;60;1417494273;14;0.00;0.00;0.00;0.00;0.00;100.00
axle;60;1417494273;15;0.00;0.00;0.00;0.00;0.00;100.00
axle;60;1417494333;-1;4.49;0.00;1.83;0.00;0.00;93.68
axle;60;1417494333;0;0.02;0.00;0.10;0.00;0.00;99.88
axle;60;1417494333;1;0.02;0.00;0.03;0.00;0.00;99.95
axle;60;1417494333;2;0.03;0.00;0.03;0.00;0.00;99.93
axle;60;1417494333;3;0.02;0.00;0.02;0.00;0.00;99.97
axle;60;1417494333;4;0.02;0.00;0.03;0.00;0.00;99.95
axle;60;1417494333;5;62.21;0.00;17.40;0.00;0.00;20.39
axle;60;1417494333;6;0.02;0.00;0.00;0.00;0.00;99.98
axle;60;1417494333;7;0.02;0.00;0.02;0.00;0.00;99.97
axle;60;1417494333;8;0.13;0.00;0.03;0.00;0.00;99.83
axle;60;1417494333;9;0.02;0.00;0.03;0.00;0.00;99.95
axle;60;1417494333;10;0.00;0.00;0.03;0.00;0.00;99.97
axle;60;1417494333;11;9.25;0.00;11.62;0.00;0.00;79.13
axle;60;1417494333;12;0.02;0.00;0.02;0.00;0.00;99.97
axle;60;1417494333;13;0.00;0.00;0.00;0.00;0.00;100.00
axle;60;1417494333;14;0.00;0.00;0.00;0.00;0.00;100.00
axle;60;1417494333;15;0.00;0.00;0.00;0.02;0.00;99.98
axle;60;1417494393;-1;4.93;0.00;1.34;0.00;0.00;93.72
axle;60;1417494393;0;0.00;0.00;0.03;0.00;0.00;99.97
axle;60;1417494393;1;0.02;0.00;0.02;0.00;0.00;99.97
axle;60;1417494393;2;0.00;0.00;0.00;0.00;0.00;100.00
axle;60;1417494393;3;0.00;0.00;0.00;0.00;0.00;100.00
axle;60;1417494393;4;0.05;0.00;0.00;0.00;0.00;99.95
axle;60;1417494393;5;78.70;0.00;21.30;0.00;0.00;0.00
axle;60;1417494393;6;0.00;0.00;0.00;0.00;0.00;100.00
axle;60;1417494393;7;0.02;0.00;0.00;0.00;0.00;99.98
axle;60;1417494393;8;0.10;0.00;0.07;0.00;0.00;99.83
axle;60;1417494393;9;0.00;0.00;0.00;0.00;0.00;100.00
axle;60;1417494393;10;0.02;0.00;0.00;0.00;0.00;99.98
axle;60;1417494393;11;0.02;0.00;0.00;0.00;0.00;99.98
axle;60;1417494393;12;0.00;0.00;0.02;0.00;0.00;99.98
axle;60;1417494393;13;0.00;0.00;0.02;0.00;0.00;99.98
axle;60;1417494393;14;0.02;0.00;0.03;0.00;0.00;99.95
axle;60;1417494393;15;0.00;0.00;0.02;0.02;0.00;99.97
axle;60;1417494453;-1;5.40;0.00;0.91;0.00;0.00;93.68
axle;60;1417494453;0;0.00;0.00;0.07;0.00;0.00;99.93
axle;60;1417494453;1;0.03;0.00;0.02;0.00;0.00;99.95
axle;60;1417494453;2;0.00;0.00;0.02;0.00;0.00;99.98
axle;60;1417494453;3;0.03;0.00;0.02;0.00;0.00;99.95
axle;60;1417494453;4;0.00;0.00;0.02;0.00;0.00;99.98
axle;60;1417494453;5;36.80;0.00;10.53;0.00;0.00;52.67
axle;60;1417494453;6;0.00;0.00;0.00;0.00;0.00;100.00
axle;60;1417494453;7;0.02;0.00;0.02;0.00;0.00;99.97
axle;60;1417494453;8;0.17;0.00;0.03;0.00;0.00;99.80
axle;60;1417494453;9;0.02;0.00;0.03;0.00;0.00;99.95
axle;60;1417494453;10;0.02;0.00;0.05;0.00;0.00;99.93
axle;60;1417494453;11;49.37;0.00;3.75;0.00;0.00;46.88
axle;60;1417494453;12;0.00;0.00;0.00;0.00;0.00;100.00
axle;60;1417494453;13;0.00;0.00;0.00;0.00;0.00;100.00
axle;60;1417494453;14;0.00;0.00;0.00;0.00;0.00;100.00
axle;60;1417494453;15;0.02;0.00;0.00;0.00;0.00;99.98
axle;60;1417494513;-1;5.97;0.00;0.33;0.00;0.00;93.69
axle;60;1417494513;0;11.60;0.00;2.22;0.02;0.00;86.17
axle;60;1417494513;1;3.17;0.00;0.78;0.00;0.00;96.05
axle;60;1417494513;2;0.02;0.00;0.05;0.00;0.00;99.93
axle;60;1417494513;3;0.00;0.00;0.03;0.00;0.00;99.97
axle;60;1417494513;4;0.03;0.00;0.02;0.00;0.00;99.95
axle;60;1417494513;5;0.03;0.00;0.02;0.00;0.00;99.95
axle;60;1417494513;6;0.00;0.00;0.02;0.00;0.00;99.98
axle;60;1417494513;7;0.02;0.00;0.03;0.00;0.00;99.95
axle;60;1417494513;8;0.02;0.00;0.00;0.00;0.00;99.98
axle;60;1417494513;9;0.00;0.00;0.00;0.00;0.00;100.00
axle;60;1417494513;10;0.02;0.00;0.02;0.00;0.00;99.97
axle;60;1417494513;11;80.61;0.00;2.13;0.00;0.00;17.25
axle;60;1417494513;12;0.03;0.00;0.03;0.00;0.00;99.93
axle;60;1417494513;13;0.02;0.00;0.00;0.00;0.00;99.98
axle;60;1417494513;14;0.00;0.00;0.00;0.00;0.00;100.00
axle;60;1417494513;15;0.02;0.00;0.00;0.00;0.00;99.98
axle;60;1417494573;-1;4.95;0.00;1.34;0.00;0.00;93.71
axle;60;1417494573;0;78.80;0.00;21.18;0.00;0.00;0.02
axle;60;1417494573;1;0.00;0.00;0.08;0.02;0.00;99.90
axle;60;1417494573;2;0.00;0.00;0.03;0.00;0.00;99.97
axle;60;1417494573;3;0.05;0.00;0.02;0.00;0.00;99.93
axle;60;1417494573;4;0.02;0.00;0.02;0.00;0.00;99.97
axle;60;1417494573;5;0.02;0.00;0.00;0.00;0.00;99.98
axle;60;1417494573;6;0.00;0.00;0.00;0.00;0.00;100.00
axle;60;1417494573;7;0.03;0.00;0.00;0.00;0.00;99.97
axle;60;1417494573;8;0.20;0.00;0.03;0.00;0.00;99.77
axle;60;1417494573;9;0.02;0.00;0.02;0.00;0.00;99.97
axle;60;1417494573;10;0.03;0.00;0.03;0.00;0.00;99.93
axle;60;1417494573;11;0.02;0.00;0.02;0.00;0.00;99.97
axle;60;1417494573;12;0.02;0.00;0.00;0.00;0.00;99.98
axle;60;1417494573;13;0.00;0.00;0.02;0.00;0.00;99.98
axle;60;1417494573;14;0.00;0.00;0.00;0.00;0.00;100.00
axle;60;1417494573;15;0.00;0.00;0.00;0.00;0.00;100.00
axle;60;1417494633;-1;4.84;0.00;1.50;0.00;0.00;93.66
axle;60;1417494633;0;60.19;0.00;15.84;0.00;0.00;23.97
axle;60;1417494633;1;0.02;0.00;0.08;0.02;0.00;99.88
axle;60;1417494633;2;0.00;0.00;0.02;0.00;0.00;99.98
axle;60;1417494633;3;0.03;0.00;0.03;0.00;0.00;99.93
axle;60;1417494633;4;0.02;0.00;0.02;0.00;0.00;99.97
axle;60;1417494633;5;0.02;0.00;0.00;0.00;0.00;99.98
axle;60;1417494633;6;0.02;0.00;0.00;0.00;0.00;99.98
axle;60;1417494633;7;0.02;0.00;0.02;0.00;0.00;99.97
axle;60;1417494633;8;16.30;0.00;7.00;0.00;0.00;76.70
axle;60;1417494633;9;0.58;0.00;0.65;0.00;0.00;98.77
axle;60;1417494633;10;0.18;0.00;0.03;0.00;0.00;99.78
axle;60;1417494633;11;0.00;0.00;0.02;0.00;0.00;99.98
axle;60;1417494633;12;0.02;0.00;0.07;0.00;0.00;99.92
axle;60;1417494633;13;0.02;0.00;0.12;0.00;0.00;99.87
axle;60;1417494633;14;0.00;0.00;0.10;0.00;0.00;99.90
axle;60;1417494633;15;0.02;0.00;0.08;0.00;0.00;99.90
axle;60;1417494693;-1;4.93;0.00;1.38;0.00;0.00;93.69
axle;60;1417494693;0;0.05;0.00;0.10;0.02;0.00;99.83
axle;60;1417494693;1;7.88;0.00;8.95;0.00;0.00;83.17
axle;60;1417494693;2;0.02;0.00;0.07;0.00;0.00;99.92
axle;60;1417494693;3;0.03;0.00;0.00;0.00;0.00;99.97
axle;60;1417494693;4;0.02;0.00;0.00;0.00;0.00;99.98
axle;60;1417494693;5;0.02;0.00;0.02;0.00;0.00;99.97
axle;60;1417494693;6;0.02;0.00;0.02;0.00;0.00;99.97
axle;60;1417494693;7;0.02;0.00;0.00;0.00;0.00;99.98
axle;60;1417494693;8;11.33;0.00;2.97;0.00;0.00;85.70
axle;60;1417494693;9;13.84;0.00;2.47;0.00;0.00;83.70
axle;60;1417494693;10;0.13;0.00;0.00;0.00;0.00;99.87
axle;60;1417494693;11;45.46;0.00;7.16;0.00;0.00;47.38
axle;60;1417494693;12;0.03;0.00;0.12;0.00;0.00;99.85
axle;60;1417494693;13;0.00;0.00;0.10;0.00;0.00;99.90
axle;60;1417494693;14;0.02;0.00;0.05;0.00;0.00;99.93
axle;60;1417494693;15;0.03;0.00;0.05;0.00;0.00;99.92
axle;60;1417494753;-1;3.59;0.00;2.74;0.00;0.00;93.67
axle;60;1417494753;0;0.58;0.00;0.67;0.00;0.00;98.75
axle;60;1417494753;1;36.95;0.00;36.85;0.00;0.00;26.19
axle;60;1417494753;2;0.00;0.00;0.02;0.00;0.00;99.98
axle;60;1417494753;3;0.00;0.00;0.03;0.00;0.00;99.97
axle;60;1417494753;4;0.02;0.00;0.00;0.00;0.00;99.98
axle;60;1417494753;5;0.03;0.00;0.02;0.00;0.00;99.95
axle;60;1417494753;6;0.02;0.00;0.02;0.00;0.00;99.97
axle;60;1417494753;7;0.00;0.00;0.00;0.00;0.00;100.00
axle;60;1417494753;8;0.30;0.00;0.05;0.00;0.00;99.65
axle;60;1417494753;9;19.48;0.00;5.95;0.00;0.00;74.57
axle;60;1417494753;10;0.03;0.00;0.07;0.00;0.00;99.90
axle;60;1417494753;11;0.00;0.00;0.05;0.00;0.00;99.95
axle;60;1417494753;12;0.00;0.00;0.00;0.00;0.00;100.00
axle;60;1417494753;13;0.02;0.00;0.03;0.00;0.00;99.95
axle;60;1417494753;14;0.00;0.00;0.00;0.00;0.00;100.00
axle;60;1417494753;15;0.02;0.00;0.00;0.00;0.00;99.98
axle;60;1417494813;-1;4.69;0.00;1.60;0.00;0.00;93.71
axle;60;1417494813;0;0.03;0.00;0.08;0.02;0.00;99.87
axle;60;1417494813;1;67.05;0.00;23.12;0.00;0.00;9.83
axle;60;1417494813;2;0.00;0.00;0.02;0.00;0.00;99.98
axle;60;1417494813;3;0.02;0.00;0.03;0.00;0.00;99.95
axle;60;1417494813;4;0.05;0.00;0.02;0.00;0.00;99.93
axle;60;1417494813;5;0.02;0.00;0.00;0.00;0.00;99.98
axle;60;1417494813;6;0.00;0.00;0.00;0.00;0.00;100.00
axle;60;1417494813;7;0.00;0.00;0.00;0.00;0.00;100.00
axle;60;1417494813;8;0.28;0.00;0.05;0.00;0.00;99.67
axle;60;1417494813;9;7.50;0.00;2.25;0.00;0.00;90.25
axle;60;1417494813;10;0.02;0.00;0.03;0.00;0.00;99.95
axle;60;1417494813;11;0.02;0.00;0.03;0.00;0.00;99.95
axle;60;1417494813;12;0.00;0.00;0.02;0.00;0.00;99.98
axle;60;1417494813;13;0.02;0.00;0.00;0.00;0.00;99.98
axle;60;1417494813;14;0.00;0.00;0.00;0.00;0.00;100.00
axle;60;1417494813;15;0.00;0.00;0.00;0.00;0.00;100.00
axle;60;1417494873;-1;4.84;0.00;1.45;0.00;0.00;93.71
axle;60;1417494873;0;0.02;0.00;0.05;0.02;0.00;99.92
axle;60;1417494873;1;77.02;0.00;22.98;0.00;0.00;0.00
axle;60;1417494873;2;0.02;0.00;0.02;0.00;0.00;99.97
axle;60;1417494873;3;0.02;0.00;0.00;0.00;0.00;99.98
axle;60;1417494873;4;0.02;0.00;0.00;0.00;0.00;99.98
axle;60;1417494873;5;0.02;0.00;0.02;0.00;0.00;99.97
axle;60;1417494873;6;0.02;0.00;0.00;0.00;0.00;99.98
axle;60;1417494873;7;0.02;0.00;0.00;0.00;0.00;99.98
axle;60;1417494873;8;0.35;0.00;0.03;0.00;0.00;99.62
axle;60;1417494873;9;0.00;0.00;0.03;0.00;0.00;99.97
axle;60;1417494873;10;0.02;0.00;0.00;0.00;0.00;99.98
axle;60;1417494873;11;0.00;0.00;0.00;0.00;0.00;100.00
axle;60;1417494873;12;0.00;0.00;0.00;0.00;0.00;100.00
axle;60;1417494873;13;0.00;0.00;0.00;0.00;0.00;100.00
axle;60;1417494873;14;0.00;0.00;0.00;0.00;0.00;100.00
axle;60;1417494873;15;0.02;0.00;0.00;0.00;0.00;99.98
axle;60;1417494933;-1;5.28;0.00;1.03;0.00;0.00;93.68
axle;60;1417494933;0;0.02;0.00;0.05;0.02;0.00;99.92
axle;60;1417494933;1;49.82;0.00;14.18;0.00;0.00;36.00
axle;60;1417494933;2;0.00;0.00;0.02;0.00;0.00;99.98
axle;60;1417494933;3;0.02;0.00;0.00;0.00;0.00;99.98
axle;60;1417494933;4;0.03;0.00;0.00;0.00;0.00;99.97
axle;60;1417494933;5;0.00;0.00;0.02;0.00;0.00;99.98
axle;60;1417494933;6;0.00;0.00;0.00;0.00;0.00;100.00
axle;60;1417494933;7;0.02;0.00;0.00;0.00;0.00;99.98
axle;60;1417494933;8;0.20;0.00;0.05;0.00;0.00;99.75
axle;60;1417494933;9;0.02;0.00;0.05;0.00;0.00;99.93
axle;60;1417494933;10;0.03;0.00;0.03;0.00;0.00;99.93
axle;60;1417494933;11;0.02;0.00;0.00;0.00;0.00;99.98
axle;60;1417494933;12;34.35;0.00;2.03;0.00;0.00;63.62
axle;60;1417494933;13;0.02;0.00;0.02;0.00;0.00;99.97
axle;60;1417494933;14;0.00;0.00;0.02;0.00;0.00;99.98
axle;60;1417494933;15;0.02;0.00;0.05;0.00;0.00;99.93
axle;60;1417494993;-1;5.88;0.00;0.39;0.00;0.00;93.72
axle;60;1417494993;0;0.00;0.00;0.03;0.00;0.00;99.97
axle;60;1417494993;1;0.02;0.00;0.03;0.00;0.00;99.95
axle;60;1417494993;2;0.00;0.00;0.02;0.00;0.00;99.98
axle;60;1417494993;3;0.02;0.00;0.00;0.00;0.00;99.98
axle;60;1417494993;4;0.02;0.00;0.02;0.00;0.00;99.97
axle;60;1417494993;5;0.03;0.00;0.00;0.00;0.00;99.97
axle;60;1417494993;6;0.00;0.00;0.00;0.00;0.00;100.00
axle;60;1417494993;7;0.00;0.00;0.02;0.00;0.00;99.98
axle;60;1417494993;8;0.02;0.00;0.00;0.00;0.00;99.98
axle;60;1417494993;9;0.00;0.00;0.02;0.00;0.00;99.98
axle;60;1417494993;10;0.00;0.00;0.00;0.00;0.00;100.00
axle;60;1417494993;11;0.00;0.00;0.00;0.00;0.00;100.00
axle;60;1417494993;12;93.90;0.00;6.10;0.00;0.00;0.00
axle;60;1417494993;13;0.02;0.00;0.02;0.00;0.00;99.97
axle;60;1417494993;14;0.00;0.00;0.00;0.00;0.00;100.00
axle;60;1417494993;15;0.02;0.00;0.00;0.00;0.00;99.98
axle;60;1417495053;-1;5.87;0.00;0.40;0.00;0.00;93.72
axle;60;1417495053;0;0.02;0.00;0.05;0.02;0.00;99.92
axle;60;1417495053;1;0.00;0.00;0.02;0.00;0.00;99.98
axle;60;1417495053;2;0.03;0.00;0.05;0.00;0.00;99.92
axle;60;1417495053;3;0.02;0.00;0.10;0.00;0.00;99.88
axle;60;1417495053;4;0.02;0.00;0.02;0.00;0.00;99.97
axle;60;1417495053;5;0.02;0.00;0.02;0.00;0.00;99.97
axle;60;1417495053;6;0.03;0.00;0.00;0.00;0.00;99.97
axle;60;1417495053;7;0.00;0.00;0.00;0.00;0.00;100.00
axle;60;1417495053;8;0.02;0.00;0.02;0.00;0.00;99.97
axle;60;1417495053;9;0.00;0.00;0.00;0.00;0.00;100.00
axle;60;1417495053;10;0.03;0.00;0.00;0.00;0.00;99.97
axle;60;1417495053;11;0.02;0.00;0.00;0.00;0.00;99.98
axle;60;1417495053;12;93.80;0.00;6.20;0.00;0.00;0.00
axle;60;1417495053;13;0.00;0.00;0.02;0.00;0.00;99.98
axle;60;1417495053;14;0.00;0.00;0.00;0.00;0.00;100.00
axle;60;1417495053;15;0.02;0.00;0.00;0.00;0.00;99.98
axle;60;1417495113;-1;5.97;0.00;0.30;0.00;0.00;93.73
axle;60;1417495113;0;0.00;0.00;0.05;0.00;0.00;99.95
axle;60;1417495113;1;0.00;0.00;0.02;0.00;0.00;99.98
axle;60;1417495113;2;0.00;0.00;0.10;0.00;0.00;99.90
axle;60;1417495113;3;0.03;0.00;0.00;0.00;0.00;99.97
axle;60;1417495113;4;0.02;0.00;0.03;0.00;0.00;99.95
axle;60;1417495113;5;0.00;0.00;0.02;0.00;0.00;99.98
axle;60;1417495113;6;0.00;0.00;0.00;0.00;0.00;100.00
axle;60;1417495113;7;0.00;0.00;0.00;0.00;0.00;100.00
axle;60;1417495113;8;0.00;0.00;0.00;0.00;0.00;100.00
axle;60;1417495113;9;0.02;0.00;0.02;0.00;0.00;99.97
axle;60;1417495113;10;0.00;0.00;0.00;0.00;0.00;100.00
axle;60;1417495113;11;0.02;0.00;0.00;0.00;0.00;99.98
axle;60;1417495113;12;95.37;0.00;4.63;0.00;0.00;0.00
axle;60;1417495113;13;0.02;0.00;0.00;0.00;0.00;99.98
axle;60;1417495113;14;0.00;0.00;0.00;0.00;0.00;100.00
axle;60;1417495113;15;0.02;0.00;0.02;0.00;0.00;99.97
axle;60;1417495173;-1;6.14;0.00;0.13;0.00;0.00;93.73
axle;60;1417495173;0;0.00;0.00;0.03;0.02;0.00;99.95
axle;60;1417495173;1;0.00;0.00;0.02;0.00;0.00;99.98
axle;60;1417495173;2;0.00;0.00;0.02;0.00;0.00;99.98
axle;60;1417495173;3;0.00;0.00;0.00;0.00;0.00;100.00
axle;60;1417495173;4;0.03;0.00;0.00;0.00;0.00;99.97
axle;60;1417495173;5;0.02;0.00;0.00;0.00;0.00;99.98
axle;60;1417495173;6;0.02;0.00;0.03;0.00;0.00;99.95
axle;60;1417495173;7;0.00;0.00;0.02;0.00;0.00;99.98
axle;60;1417495173;8;0.00;0.00;0.00;0.00;0.00;100.00
axle;60;1417495173;9;0.00;0.00;0.02;0.00;0.00;99.98
axle;60;1417495173;10;0.00;0.00;0.02;0.00;0.00;99.98
axle;60;1417495173;11;0.00;0.00;0.00;0.00;0.00;100.00
axle;60;1417495173;12;98.12;0.00;1.88;0.00;0.00;0.00
axle;60;1417495173;13;0.00;0.00;0.00;0.00;0.00;100.00
axle;60;1417495173;14;0.00;0.00;0.00;0.00;0.00;100.00
axle;60;1417495173;15;0.00;0.00;0.00;0.00;0.00;100.00
axle;60;1417495233;-1;5.01;0.00;1.29;0.00;0.00;93.69
axle;60;1417495233;0;0.02;0.00;0.05;0.02;0.00;99.92
axle;60;1417495233;1;61.68;0.00;19.67;0.00;0.00;18.65
axle;60;1417495233;2;0.03;0.00;0.03;0.00;0.00;99.93
axle;60;1417495233;3;0.00;0.00;0.02;0.00;0.00;99.98
axle;60;1417495233;4;0.02;0.00;0.07;0.00;0.00;99.92
axle;60;1417495233;5;0.00;0.00;0.02;0.00;0.00;99.98
axle;60;1417495233;6;0.02;0.00;0.00;0.00;0.00;99.98
axle;60;1417495233;7;0.03;0.00;0.02;0.00;0.00;99.95
axle;60;1417495233;8;0.08;0.00;0.02;0.00;0.00;99.90
axle;60;1417495233;9;0.00;0.00;0.02;0.00;0.00;99.98
axle;60;1417495233;10;0.00;0.00;0.02;0.00;0.00;99.98
axle;60;1417495233;11;0.02;0.00;0.00;0.00;0.00;99.98
axle;60;1417495233;12;18.30;0.00;0.75;0.00;0.00;80.95
axle;60;1417495233;13;0.00;0.00;0.02;0.00;0.00;99.98
axle;60;1417495233;14;0.00;0.00;0.00;0.00;0.00;100.00
axle;60;1417495233;15;0.02;0.00;0.00;0.00;0.00;99.98
axle;60;1417495293;-1;4.86;0.00;1.45;0.00;0.00;93.70
axle;60;1417495293;0;0.00;0.00;0.03;0.00;0.00;99.97
axle;60;1417495293;1;75.20;0.00;16.55;0.00;0.00;8.25
axle;60;1417495293;2;0.02;0.00;0.02;0.00;0.00;99.97
axle;60;1417495293;3;0.00;0.00;0.00;0.00;0.00;100.00
axle;60;1417495293;4;0.03;0.00;0.03;0.00;0.00;99.93
axle;60;1417495293;5;0.02;0.00;0.02;0.00;0.00;99.97
axle;60;1417495293;6;0.03;0.00;0.00;0.00;0.00;99.97
axle;60;1417495293;7;0.03;0.00;0.00;0.00;0.00;99.97
axle;60;1417495293;8;0.03;0.00;0.07;0.00;0.00;99.90
axle;60;1417495293;9;2.25;0.00;6.37;0.00;0.00;91.38
axle;60;1417495293;10;0.02;0.00;0.00;0.00;0.00;99.98
axle;60;1417495293;11;0.02;0.00;0.02;0.00;0.00;99.97
axle;60;1417495293;12;0.00;0.00;0.00;0.00;0.00;100.00
axle;60;1417495293;13;0.02;0.00;0.02;0.00;0.00;99.97
axle;60;1417495293;14;0.00;0.00;0.00;0.00;0.00;100.00
axle;60;1417495293;15;0.00;0.00;0.00;0.00;0.00;100.00
axle;60;1417495353;-1;4.29;0.00;2.06;0.00;0.00;93.66
axle;60;1417495353;0;0.02;0.00;0.05;0.02;0.00;99.92
axle;60;1417495353;1;0.02;0.00;0.02;0.00;0.00;99.97
axle;60;1417495353;2;0.02;0.00;0.05;0.00;0.00;99.93
axle;60;1417495353;3;0.05;0.00;0.02;0.00;0.00;99.93
axle;60;1417495353;4;0.07;0.00;0.02;0.00;0.00;99.92
axle;60;1417495353;5;62.06;0.00;27.66;0.00;0.00;10.28
axle;60;1417495353;6;0.00;0.00;0.00;0.00;0.00;100.00
axle;60;1417495353;7;0.03;0.00;0.00;0.00;0.00;99.97
axle;60;1417495353;8;0.35;0.00;0.03;0.00;0.00;99.62
axle;60;1417495353;9;5.90;0.00;4.98;0.00;0.00;89.11
axle;60;1417495353;10;0.03;0.00;0.03;0.00;0.00;99.93
axle;60;1417495353;11;0.00;0.00;0.02;0.00;0.00;99.98
axle;60;1417495353;12;0.02;0.00;0.00;0.00;0.00;99.98
axle;60;1417495353;13;0.02;0.00;0.00;0.00;0.00;99.98
axle;60;1417495353;14;0.00;0.00;0.02;0.00;0.00;99.98
axle;60;1417495353;15;0.00;0.00;0.00;0.00;0.00;100.00
axle;60;1417495413;-1;4.98;0.00;1.30;0.00;0.00;93.72
axle;60;1417495413;0;0.00;0.00;0.07;0.02;0.00;99.92
axle;60;1417495413;1;0.00;0.00;0.02;0.00;0.00;99.98
axle;60;1417495413;2;0.00;0.00;0.00;0.00;0.00;100.00
axle;60;1417495413;3;0.00;0.00;0.02;0.00;0.00;99.98
axle;60;1417495413;4;0.00;0.00;0.02;0.00;0.00;99.98
axle;60;1417495413;5;0.00;0.00;0.02;0.00;0.00;99.98
axle;60;1417495413;6;0.02;0.00;0.02;0.00;0.00;99.97
axle;60;1417495413;7;0.02;0.00;0.00;0.00;0.00;99.98
axle;60;1417495413;8;0.10;0.00;0.07;0.00;0.00;99.83
axle;60;1417495413;9;79.42;0.00;20.58;0.00;0.00;0.00
axle;60;1417495413;10;0.02;0.00;0.00;0.00;0.00;99.98
axle;60;1417495413;11;0.00;0.00;0.00;0.00;0.00;100.00
axle;60;1417495413;12;0.00;0.00;0.00;0.00;0.00;100.00
axle;60;1417495413;13;0.02;0.00;0.00;0.00;0.00;99.98
axle;60;1417495413;14;0.02;0.00;0.02;0.00;0.00;99.97
axle;60;1417495413;15;0.02;0.00;0.02;0.00;0.00;99.97
axle;60;1417495473;-1;4.95;0.00;1.37;0.00;0.00;93.68
axle;60;1417495473;0;0.02;0.00;0.03;0.00;0.00;99.95
axle;60;1417495473;1;13.46;0.00;3.50;0.00;0.00;83.04
axle;60;1417495473;2;0.02;0.00;0.02;0.00;0.00;99.97
axle;60;1417495473;3;0.00;0.00;0.05;0.00;0.00;99.95
axle;60;1417495473;4;0.02;0.00;0.00;0.00;0.00;99.98
axle;60;1417495473;5;0.03;0.00;0.00;0.00;0.00;99.97
axle;60;1417495473;6;0.05;0.00;0.03;0.00;0.00;99.92
axle;60;1417495473;7;0.02;0.00;0.02;0.00;0.00;99.97
axle;60;1417495473;8;0.15;0.00;0.03;0.00;0.00;99.82
axle;60;1417495473;9;65.44;0.00;18.15;0.00;0.00;16.41
axle;60;1417495473;10;0.00;0.00;0.02;0.00;0.00;99.98
axle;60;1417495473;11;0.03;0.00;0.03;0.00;0.00;99.93
axle;60;1417495473;12;0.00;0.00;0.00;0.00;0.00;100.00
axle;60;1417495473;13;0.00;0.00;0.00;0.00;0.00;100.00
axle;60;1417495473;14;0.02;0.00;0.02;0.00;0.00;99.97
axle;60;1417495473;15;0.00;0.00;0.00;0.00;0.00;100.00
axle;60;1417495533;-1;5.33;0.00;0.95;0.00;0.00;93.72
axle;60;1417495533;0;0.02;0.00;0.03;0.02;0.00;99.93
axle;60;1417495533;1;84.98;0.00;15.02;0.00;0.00;0.00
axle;60;1417495533;2;0.02;0.00;0.03;0.00;0.00;99.95
axle;60;1417495533;3;0.02;0.00;0.02;0.00;0.00;99.97
axle;60;1417495533;4;0.02;0.00;0.03;0.00;0.00;99.95
axle;60;1417495533;5;0.00;0.00;0.00;0.00;0.00;100.00
axle;60;1417495533;6;0.00;0.00;0.00;0.00;0.00;100.00
axle;60;1417495533;7;0.00;0.00;0.00;0.00;0.00;100.00
axle;60;1417495533;8;0.10;0.00;0.02;0.00;0.00;99.88
axle;60;1417495533;9;0.00;0.00;0.02;0.00;0.00;99.98
axle;60;1417495533;10;0.02;0.00;0.02;0.00;0.00;99.97
axle;60;1417495533;11;0.03;0.00;0.02;0.00;0.00;99.95
axle;60;1417495533;12;0.00;0.00;0.02;0.00;0.00;99.98
axle;60;1417495533;13;0.00;0.00;0.00;0.00;0.00;100.00
axle;60;1417495533;14;0.00;0.00;0.00;0.00;0.00;100.00
axle;60;1417495533;15;0.00;0.00;0.02;0.00;0.00;99.98
axle;60;1417495593;-1;4.99;0.00;1.30;0.00;0.00;93.71
axle;60;1417495593;0;0.00;0.00;0.03;0.02;0.00;99.95
axle;60;1417495593;1;32.98;0.00;9.73;0.00;0.00;57.29
axle;60;1417495593;2;0.00;0.00;0.05;0.00;0.00;99.95
axle;60;1417495593;3;0.00;0.00;0.02;0.00;0.00;99.98
axle;60;1417495593;4;0.00;0.00;0.02;0.00;0.00;99.98
axle;60;1417495593;5;0.03;0.00;0.02;0.00;0.00;99.95
axle;60;1417495593;6;0.00;0.00;0.00;0.00;0.00;100.00
axle;60;1417495593;7;0.03;0.00;0.00;0.00;0.00;99.97
axle;60;1417495593;8;46.13;0.00;10.72;0.00;0.00;43.15
axle;60;1417495593;9;0.58;0.00;0.12;0.00;0.00;99.30
axle;60;1417495593;10;0.02;0.00;0.02;0.00;0.00;99.97
axle;60;1417495593;11;0.03;0.00;0.03;0.00;0.00;99.93
axle;60;1417495593;12;0.00;0.00;0.02;0.00;0.00;99.98
axle;60;1417495593;13;0.00;0.00;0.00;0.00;0.00;100.00
axle;60;1417495593;14;0.02;0.00;0.00;0.00;0.00;99.98
axle;60;1417495593;15;0.00;0.00;0.00;0.00;0.00;100.00
axle;60;1417495653;-1;5.36;0.00;0.91;0.00;0.00;93.73
axle;60;1417495653;0;0.03;0.00;0.03;0.00;0.00;99.93
axle;60;1417495653;1;0.02;0.00;0.03;0.00;0.00;99.95
axle;60;1417495653;2;0.02;0.00;0.02;0.00;0.00;99.97
axle;60;1417495653;3;0.03;0.00;0.02;0.00;0.00;99.95
axle;60;1417495653;4;0.05;0.00;0.00;0.00;0.00;99.95
axle;60;1417495653;5;0.00;0.00;0.00;0.00;0.00;100.00
axle;60;1417495653;6;0.00;0.00;0.02;0.00;0.00;99.98
axle;60;1417495653;7;0.02;0.00;0.00;0.00;0.00;99.98
axle;60;1417495653;8;85.57;0.00;14.41;0.00;0.00;0.02
axle;60;1417495653;9;0.00;0.00;0.00;0.00;0.00;100.00
axle;60;1417495653;10;0.00;0.00;0.02;0.00;0.00;99.98
axle;60;1417495653;11;0.00;0.00;0.02;0.00;0.00;99.98
axle;60;1417495653;12;0.00;0.00;0.00;0.00;0.00;100.00
axle;60;1417495653;13;0.00;0.00;0.00;0.00;0.00;100.00
axle;60;1417495653;14;0.02;0.00;0.02;0.00;0.00;99.97
axle;60;1417495653;15;0.00;0.00;0.00;0.00;0.00;100.00
